country_region_code,country_region,sub_region_1,sub_region_2,metro_area,iso_3166_2_code,census_fips_code,place_id,date,retail_and_recreation_percent_change_from_baseline,grocery_and_pharmacy_percent_change_from_baseline,parks_percent_change_from_baseline,transit_stations_percent_change_from_baseline,workplaces_percent_change_from_baseline,residential_percent_change_from_baseline
PH,Philippines,National Capital Region,,,PH-00,,ChIJbTgmYNLIlzMR0HiSrNoj7V8,2/15/2020,8,4,19,5,5,0
PH,Philippines,National Capital Region,,,PH-00,,ChIJbTgmYNLIlzMR0HiSrNoj7V8,2/16/2020,3,2,6,-1,1,0
PH,Philippines,National Capital Region,,,PH-00,,ChIJbTgmYNLIlzMR0HiSrNoj7V8,2/17/2020,0,2,-1,-1,4,0
PH,Philippines,National Capital Region,,,PH-00,,ChIJbTgmYNLIlzMR0HiSrNoj7V8,2/18/2020,0,3,1,2,4,0
PH,Philippines,National Capital Region,,,PH-00,,ChIJbTgmYNLIlzMR0HiSrNoj7V8,2/19/2020,-3,-2,-4,-5,4,0
PH,Philippines,National Capital Region,,,PH-00,,ChIJbTgmYNLIlzMR0HiSrNoj7V8,2/20/2020,-1,-2,-2,-2,4,0
PH,Philippines,National Capital Region,,,PH-00,,ChIJbTgmYNLIlzMR0HiSrNoj7V8,2/21/2020,-2,-3,-1,-5,5,1
PH,Philippines,National Capital Region,,,PH-00,,ChIJbTgmYNLIlzMR0HiSrNoj7V8,2/22/2020,0,-2,10,0,5,0
PH,Philippines,National Capital Region,,,PH-00,,ChIJbTgmYNLIlzMR0HiSrNoj7V8,2/23/2020,-4,-5,3,-9,2,1
PH,Philippines,National Capital Region,,,PH-00,,ChIJbTgmYNLIlzMR0HiSrNoj7V8,2/24/2020,0,-3,5,-6,1,0
PH,Philippines,National Capital Region,,,PH-00,,ChIJbTgmYNLIlzMR0HiSrNoj7V8,2/25/2020,-6,-5,5,-28,-46,12
PH,Philippines,National Capital Region,,,PH-00,,ChIJbTgmYNLIlzMR0HiSrNoj7V8,2/26/2020,-3,-1,2,-3,4,0
PH,Philippines,National Capital Region,,,PH-00,,ChIJbTgmYNLIlzMR0HiSrNoj7V8,2/27/2020,-2,-1,3,-4,4,0
PH,Philippines,National Capital Region,,,PH-00,,ChIJbTgmYNLIlzMR0HiSrNoj7V8,2/28/2020,0,1,6,-4,5,0
PH,Philippines,National Capital Region,,,PH-00,,ChIJbTgmYNLIlzMR0HiSrNoj7V8,2/29/2020,5,5,15,4,7,0
PH,Philippines,National Capital Region,,,PH-00,,ChIJbTgmYNLIlzMR0HiSrNoj7V8,3/1/2020,2,5,8,-4,4,0
PH,Philippines,National Capital Region,,,PH-00,,ChIJbTgmYNLIlzMR0HiSrNoj7V8,3/2/2020,0,3,2,-4,6,0
PH,Philippines,National Capital Region,,,PH-00,,ChIJbTgmYNLIlzMR0HiSrNoj7V8,3/3/2020,0,3,1,-3,5,0
PH,Philippines,National Capital Region,,,PH-00,,ChIJbTgmYNLIlzMR0HiSrNoj7V8,3/4/2020,-2,2,-1,-6,4,1
PH,Philippines,National Capital Region,,,PH-00,,ChIJbTgmYNLIlzMR0HiSrNoj7V8,3/5/2020,-1,2,0,-3,4,0
PH,Philippines,National Capital Region,,,PH-00,,ChIJbTgmYNLIlzMR0HiSrNoj7V8,3/6/2020,-3,-1,1,-6,5,1
PH,Philippines,National Capital Region,,,PH-00,,ChIJbTgmYNLIlzMR0HiSrNoj7V8,3/7/2020,-1,0,13,-2,6,0
PH,Philippines,National Capital Region,,,PH-00,,ChIJbTgmYNLIlzMR0HiSrNoj7V8,3/8/2020,-6,-2,1,-10,2,1
PH,Philippines,National Capital Region,,,PH-00,,ChIJbTgmYNLIlzMR0HiSrNoj7V8,3/9/2020,-5,2,-5,-9,2,1
PH,Philippines,National Capital Region,,,PH-00,,ChIJbTgmYNLIlzMR0HiSrNoj7V8,3/10/2020,-11,4,-18,-16,-14,6
PH,Philippines,National Capital Region,,,PH-00,,ChIJbTgmYNLIlzMR0HiSrNoj7V8,3/11/2020,-15,5,-24,-23,-15,7
PH,Philippines,National Capital Region,,,PH-00,,ChIJbTgmYNLIlzMR0HiSrNoj7V8,3/12/2020,-16,10,-25,-22,-16,7
PH,Philippines,National Capital Region,,,PH-00,,ChIJbTgmYNLIlzMR0HiSrNoj7V8,3/13/2020,-22,7,-32,-25,-19,10
PH,Philippines,National Capital Region,,,PH-00,,ChIJbTgmYNLIlzMR0HiSrNoj7V8,3/14/2020,-28,2,-36,-23,-11,8
PH,Philippines,National Capital Region,,,PH-00,,ChIJbTgmYNLIlzMR0HiSrNoj7V8,3/15/2020,-54,-24,-56,-58,-16,15
PH,Philippines,National Capital Region,,,PH-00,,ChIJbTgmYNLIlzMR0HiSrNoj7V8,3/16/2020,-48,-9,-42,-53,-35,17
PH,Philippines,National Capital Region,,,PH-00,,ChIJbTgmYNLIlzMR0HiSrNoj7V8,3/17/2020,-76,-39,-69,-81,-71,32
PH,Philippines,National Capital Region,,,PH-00,,ChIJbTgmYNLIlzMR0HiSrNoj7V8,3/18/2020,-81,-49,-75,-87,-76,36
PH,Philippines,National Capital Region,,,PH-00,,ChIJbTgmYNLIlzMR0HiSrNoj7V8,3/19/2020,-83,-54,-76,-88,-78,38
PH,Philippines,National Capital Region,,,PH-00,,ChIJbTgmYNLIlzMR0HiSrNoj7V8,3/20/2020,-84,-56,-78,-90,-79,41
PH,Philippines,National Capital Region,,,PH-00,,ChIJbTgmYNLIlzMR0HiSrNoj7V8,3/21/2020,-84,-56,-77,-89,-72,32
PH,Philippines,National Capital Region,,,PH-00,,ChIJbTgmYNLIlzMR0HiSrNoj7V8,3/22/2020,-85,-59,-80,-89,-63,27
PH,Philippines,National Capital Region,,,PH-00,,ChIJbTgmYNLIlzMR0HiSrNoj7V8,3/23/2020,-83,-57,-78,-91,-80,38
PH,Philippines,National Capital Region,,,PH-00,,ChIJbTgmYNLIlzMR0HiSrNoj7V8,3/24/2020,-84,-59,-79,-91,-81,39
PH,Philippines,National Capital Region,,,PH-00,,ChIJbTgmYNLIlzMR0HiSrNoj7V8,3/25/2020,-85,-59,-80,-91,-81,39
PH,Philippines,National Capital Region,,,PH-00,,ChIJbTgmYNLIlzMR0HiSrNoj7V8,3/26/2020,-85,-62,-80,-91,-82,40
PH,Philippines,National Capital Region,,,PH-00,,ChIJbTgmYNLIlzMR0HiSrNoj7V8,3/27/2020,-85,-59,-80,-92,-81,42
PH,Philippines,National Capital Region,,,PH-00,,ChIJbTgmYNLIlzMR0HiSrNoj7V8,3/28/2020,-84,-58,-79,-90,-74,34
PH,Philippines,National Capital Region,,,PH-00,,ChIJbTgmYNLIlzMR0HiSrNoj7V8,3/29/2020,-86,-62,-81,-90,-65,28
PH,Philippines,National Capital Region,,,PH-00,,ChIJbTgmYNLIlzMR0HiSrNoj7V8,3/30/2020,-84,-62,-79,-92,-81,39
PH,Philippines,National Capital Region,,,PH-00,,ChIJbTgmYNLIlzMR0HiSrNoj7V8,3/31/2020,-85,-62,-80,-92,-82,39
PH,Philippines,National Capital Region,,,PH-00,,ChIJbTgmYNLIlzMR0HiSrNoj7V8,4/1/2020,-85,-63,-81,-92,-82,40
PH,Philippines,National Capital Region,,,PH-00,,ChIJbTgmYNLIlzMR0HiSrNoj7V8,4/2/2020,-86,-64,-81,-92,-82,41
PH,Philippines,National Capital Region,,,PH-00,,ChIJbTgmYNLIlzMR0HiSrNoj7V8,4/3/2020,-86,-64,-81,-92,-81,44
PH,Philippines,National Capital Region,,,PH-00,,ChIJbTgmYNLIlzMR0HiSrNoj7V8,4/4/2020,-85,-62,-80,-91,-74,34
PH,Philippines,National Capital Region,,,PH-00,,ChIJbTgmYNLIlzMR0HiSrNoj7V8,4/5/2020,-86,-63,-81,-91,-66,28
PH,Philippines,National Capital Region,,,PH-00,,ChIJbTgmYNLIlzMR0HiSrNoj7V8,4/6/2020,-84,-61,-79,-92,-81,39
PH,Philippines,National Capital Region,,,PH-00,,ChIJbTgmYNLIlzMR0HiSrNoj7V8,4/7/2020,-83,-58,-79,-91,-82,39
PH,Philippines,National Capital Region,,,PH-00,,ChIJbTgmYNLIlzMR0HiSrNoj7V8,4/8/2020,-82,-54,-79,-91,-81,39
PH,Philippines,National Capital Region,,,PH-00,,ChIJbTgmYNLIlzMR0HiSrNoj7V8,4/9/2020,-89,-72,-82,-93,-87,42
PH,Philippines,National Capital Region,,,PH-00,,ChIJbTgmYNLIlzMR0HiSrNoj7V8,4/10/2020,-92,-80,-87,-95,-88,47
PH,Philippines,National Capital Region,,,PH-00,,ChIJbTgmYNLIlzMR0HiSrNoj7V8,4/11/2020,-86,-63,-81,-92,-77,35
PH,Philippines,National Capital Region,,,PH-00,,ChIJbTgmYNLIlzMR0HiSrNoj7V8,4/12/2020,-85,-61,-80,-90,-67,28
PH,Philippines,National Capital Region,,,PH-00,,ChIJbTgmYNLIlzMR0HiSrNoj7V8,4/13/2020,-82,-57,-77,-91,-80,38
PH,Philippines,National Capital Region,,,PH-00,,ChIJbTgmYNLIlzMR0HiSrNoj7V8,4/14/2020,-82,-57,-77,-90,-81,39
PH,Philippines,National Capital Region,,,PH-00,,ChIJbTgmYNLIlzMR0HiSrNoj7V8,4/15/2020,-82,-57,-78,-91,-80,40
PH,Philippines,National Capital Region,,,PH-00,,ChIJbTgmYNLIlzMR0HiSrNoj7V8,4/16/2020,-84,-60,-78,-91,-81,40
PH,Philippines,National Capital Region,,,PH-00,,ChIJbTgmYNLIlzMR0HiSrNoj7V8,4/17/2020,-85,-61,-79,-92,-80,43
PH,Philippines,National Capital Region,,,PH-00,,ChIJbTgmYNLIlzMR0HiSrNoj7V8,4/18/2020,-84,-60,-78,-90,-74,34
PH,Philippines,National Capital Region,,,PH-00,,ChIJbTgmYNLIlzMR0HiSrNoj7V8,4/19/2020,-85,-59,-79,-90,-66,28
PH,Philippines,National Capital Region,,,PH-00,,ChIJbTgmYNLIlzMR0HiSrNoj7V8,4/20/2020,-82,-57,-77,-91,-80,38
PH,Philippines,National Capital Region,,,PH-00,,ChIJbTgmYNLIlzMR0HiSrNoj7V8,4/21/2020,-84,-61,-79,-92,-81,40
PH,Philippines,National Capital Region,,,PH-00,,ChIJbTgmYNLIlzMR0HiSrNoj7V8,4/22/2020,-85,-64,-80,-92,-81,41
PH,Philippines,National Capital Region,,,PH-00,,ChIJbTgmYNLIlzMR0HiSrNoj7V8,4/23/2020,-85,-64,-81,-92,-82,41
PH,Philippines,National Capital Region,,,PH-00,,ChIJbTgmYNLIlzMR0HiSrNoj7V8,4/24/2020,-86,-65,-81,-93,-81,44
PH,Philippines,National Capital Region,,,PH-00,,ChIJbTgmYNLIlzMR0HiSrNoj7V8,4/25/2020,-85,-62,-79,-91,-74,35
PH,Philippines,National Capital Region,,,PH-00,,ChIJbTgmYNLIlzMR0HiSrNoj7V8,4/26/2020,-86,-64,-81,-91,-66,29
PH,Philippines,National Capital Region,,,PH-00,,ChIJbTgmYNLIlzMR0HiSrNoj7V8,4/27/2020,-83,-61,-78,-91,-79,39
PH,Philippines,National Capital Region,,,PH-00,,ChIJbTgmYNLIlzMR0HiSrNoj7V8,4/28/2020,-83,-60,-78,-91,-80,39
PH,Philippines,National Capital Region,,,PH-00,,ChIJbTgmYNLIlzMR0HiSrNoj7V8,4/29/2020,-83,-59,-79,-91,-79,39
PH,Philippines,National Capital Region,,,PH-00,,ChIJbTgmYNLIlzMR0HiSrNoj7V8,4/30/2020,-88,-51,-92,-89,-79,39
PH,Philippines,National Capital Region,,,PH-00,,ChIJbTgmYNLIlzMR0HiSrNoj7V8,5/1/2020,-90,-54,-93,-90,-83,44
PH,Philippines,National Capital Region,,,PH-00,,ChIJbTgmYNLIlzMR0HiSrNoj7V8,5/2/2020,-89,-53,-93,-88,-72,34
PH,Philippines,National Capital Region,,,PH-00,,ChIJbTgmYNLIlzMR0HiSrNoj7V8,5/3/2020,-90,-57,-93,-88,-65,28
PH,Philippines,National Capital Region,,,PH-00,,ChIJbTgmYNLIlzMR0HiSrNoj7V8,5/4/2020,-88,-54,-92,-88,-78,38
PH,Philippines,National Capital Region,,,PH-00,,ChIJbTgmYNLIlzMR0HiSrNoj7V8,5/5/2020,-88,-51,-92,-88,-78,38
PH,Philippines,National Capital Region,,,PH-00,,ChIJbTgmYNLIlzMR0HiSrNoj7V8,5/6/2020,-88,-49,-92,-88,-78,39
PH,Philippines,National Capital Region,,,PH-00,,ChIJbTgmYNLIlzMR0HiSrNoj7V8,5/7/2020,-87,-50,-92,-88,-78,39
PH,Philippines,National Capital Region,,,PH-00,,ChIJbTgmYNLIlzMR0HiSrNoj7V8,5/8/2020,-87,-50,-91,-89,-77,41
PH,Philippines,National Capital Region,,,PH-00,,ChIJbTgmYNLIlzMR0HiSrNoj7V8,5/9/2020,-85,-46,-91,-86,-69,32
PH,Philippines,National Capital Region,,,PH-00,,ChIJbTgmYNLIlzMR0HiSrNoj7V8,5/10/2020,-83,-43,-91,-85,-59,25
PH,Philippines,National Capital Region,,,PH-00,,ChIJbTgmYNLIlzMR0HiSrNoj7V8,5/11/2020,-85,-47,-90,-87,-76,37
PH,Philippines,National Capital Region,,,PH-00,,ChIJbTgmYNLIlzMR0HiSrNoj7V8,5/12/2020,-86,-47,-91,-87,-77,38
PH,Philippines,National Capital Region,,,PH-00,,ChIJbTgmYNLIlzMR0HiSrNoj7V8,5/13/2020,-86,-47,-91,-87,-76,38
PH,Philippines,National Capital Region,,,PH-00,,ChIJbTgmYNLIlzMR0HiSrNoj7V8,5/14/2020,-85,-46,-90,-87,-76,38
PH,Philippines,National Capital Region,,,PH-00,,ChIJbTgmYNLIlzMR0HiSrNoj7V8,5/15/2020,-88,-56,-91,-90,-77,41
PH,Philippines,National Capital Region,,,PH-00,,ChIJbTgmYNLIlzMR0HiSrNoj7V8,5/16/2020,-81,-38,-88,-83,-65,30
PH,Philippines,National Capital Region,,,PH-00,,ChIJbTgmYNLIlzMR0HiSrNoj7V8,5/17/2020,-82,-41,-88,-83,-55,26
PH,Philippines,National Capital Region,,,PH-00,,ChIJbTgmYNLIlzMR0HiSrNoj7V8,5/18/2020,-79,-36,-87,-83,-68,33
PH,Philippines,National Capital Region,,,PH-00,,ChIJbTgmYNLIlzMR0HiSrNoj7V8,5/19/2020,-80,-39,-88,-83,-70,34
PH,Philippines,National Capital Region,,,PH-00,,ChIJbTgmYNLIlzMR0HiSrNoj7V8,5/20/2020,-79,-38,-88,-84,-69,35
PH,Philippines,National Capital Region,,,PH-00,,ChIJbTgmYNLIlzMR0HiSrNoj7V8,5/21/2020,-79,-38,-88,-84,-70,35
PH,Philippines,National Capital Region,,,PH-00,,ChIJbTgmYNLIlzMR0HiSrNoj7V8,5/22/2020,-80,-40,-88,-85,-68,38
PH,Philippines,National Capital Region,,,PH-00,,ChIJbTgmYNLIlzMR0HiSrNoj7V8,5/23/2020,-79,-39,-88,-82,-59,30
PH,Philippines,National Capital Region,,,PH-00,,ChIJbTgmYNLIlzMR0HiSrNoj7V8,5/24/2020,-80,-39,-89,-81,-52,25
PH,Philippines,National Capital Region,,,PH-00,,ChIJbTgmYNLIlzMR0HiSrNoj7V8,5/25/2020,-79,-37,-89,-85,-77,37
PH,Philippines,National Capital Region,,,PH-00,,ChIJbTgmYNLIlzMR0HiSrNoj7V8,5/26/2020,-78,-37,-87,-82,-66,33
PH,Philippines,National Capital Region,,,PH-00,,ChIJbTgmYNLIlzMR0HiSrNoj7V8,5/27/2020,-78,-37,-87,-83,-66,34
PH,Philippines,National Capital Region,,,PH-00,,ChIJbTgmYNLIlzMR0HiSrNoj7V8,5/28/2020,-78,-38,-88,-83,-66,35
PH,Philippines,National Capital Region,,,PH-00,,ChIJbTgmYNLIlzMR0HiSrNoj7V8,5/29/2020,-79,-38,-87,-83,-65,37
PH,Philippines,National Capital Region,,,PH-00,,ChIJbTgmYNLIlzMR0HiSrNoj7V8,5/30/2020,-76,-31,-87,-80,-54,28
PH,Philippines,National Capital Region,,,PH-00,,ChIJbTgmYNLIlzMR0HiSrNoj7V8,5/31/2020,-77,-32,-87,-78,-45,24
PH,Philippines,National Capital Region,,,PH-00,,ChIJbTgmYNLIlzMR0HiSrNoj7V8,6/1/2020,-72,-24,-83,-75,-58,29
PH,Philippines,National Capital Region,,,PH-00,,ChIJbTgmYNLIlzMR0HiSrNoj7V8,6/2/2020,-72,-24,-84,-74,-60,30
PH,Philippines,National Capital Region,,,PH-00,,ChIJbTgmYNLIlzMR0HiSrNoj7V8,6/3/2020,-71,-23,-84,-73,-59,30
PH,Philippines,National Capital Region,,,PH-00,,ChIJbTgmYNLIlzMR0HiSrNoj7V8,6/4/2020,-72,-25,-84,-73,-60,30
PH,Philippines,National Capital Region,,,PH-00,,ChIJbTgmYNLIlzMR0HiSrNoj7V8,6/5/2020,-68,-26,-78,-74,-58,32
PH,Philippines,National Capital Region,,,PH-00,,ChIJbTgmYNLIlzMR0HiSrNoj7V8,6/6/2020,-66,-22,-79,-71,-47,25
PH,Philippines,National Capital Region,,,PH-00,,ChIJbTgmYNLIlzMR0HiSrNoj7V8,6/7/2020,-68,-24,-80,-69,-39,22
PH,Philippines,National Capital Region,,,PH-00,,ChIJbTgmYNLIlzMR0HiSrNoj7V8,6/8/2020,-64,-21,-76,-71,-55,27
PH,Philippines,National Capital Region,,,PH-00,,ChIJbTgmYNLIlzMR0HiSrNoj7V8,6/9/2020,-66,-24,-77,-70,-57,28
PH,Philippines,National Capital Region,,,PH-00,,ChIJbTgmYNLIlzMR0HiSrNoj7V8,6/10/2020,-66,-24,-77,-71,-57,29
PH,Philippines,National Capital Region,,,PH-00,,ChIJbTgmYNLIlzMR0HiSrNoj7V8,6/11/2020,-65,-25,-71,-68,-58,28
PH,Philippines,National Capital Region,,,PH-00,,ChIJbTgmYNLIlzMR0HiSrNoj7V8,6/12/2020,-69,-28,-82,-77,-70,36
PH,Philippines,National Capital Region,,,PH-00,,ChIJbTgmYNLIlzMR0HiSrNoj7V8,6/13/2020,-64,-21,-78,-69,-45,25
PH,Philippines,National Capital Region,,,PH-00,,ChIJbTgmYNLIlzMR0HiSrNoj7V8,6/14/2020,-66,-23,-78,-67,-35,21
PH,Philippines,National Capital Region,,,PH-00,,ChIJbTgmYNLIlzMR0HiSrNoj7V8,6/15/2020,-61,-18,-69,-67,-52,26
PH,Philippines,National Capital Region,,,PH-00,,ChIJbTgmYNLIlzMR0HiSrNoj7V8,6/16/2020,-61,-16,-74,-67,-55,27
PH,Philippines,National Capital Region,,,PH-00,,ChIJbTgmYNLIlzMR0HiSrNoj7V8,6/17/2020,-62,-20,-72,-68,-55,27
PH,Philippines,National Capital Region,,,PH-00,,ChIJbTgmYNLIlzMR0HiSrNoj7V8,6/18/2020,-61,-27,-59,-69,-56,28
PH,Philippines,National Capital Region,,,PH-00,,ChIJbTgmYNLIlzMR0HiSrNoj7V8,6/19/2020,-63,-31,-62,-71,-55,30
PH,Philippines,National Capital Region,,,PH-00,,ChIJbTgmYNLIlzMR0HiSrNoj7V8,6/20/2020,-57,-21,-57,-66,-40,22
PH,Philippines,National Capital Region,,,PH-00,,ChIJbTgmYNLIlzMR0HiSrNoj7V8,6/21/2020,-59,-23,-54,-66,-31,19
PH,Philippines,National Capital Region,,,PH-00,,ChIJbTgmYNLIlzMR0HiSrNoj7V8,6/22/2020,-58,-26,-58,-67,-53,26
PH,Philippines,National Capital Region,,,PH-00,,ChIJbTgmYNLIlzMR0HiSrNoj7V8,6/23/2020,-58,-25,-58,-66,-55,27
PH,Philippines,National Capital Region,,,PH-00,,ChIJbTgmYNLIlzMR0HiSrNoj7V8,6/24/2020,-60,-26,-61,-69,-55,28
PH,Philippines,National Capital Region,,,PH-00,,ChIJbTgmYNLIlzMR0HiSrNoj7V8,6/25/2020,-59,-25,-59,-67,-54,27
PH,Philippines,National Capital Region,,,PH-00,,ChIJbTgmYNLIlzMR0HiSrNoj7V8,6/26/2020,-60,-25,-59,-68,-53,29
PH,Philippines,National Capital Region,,,PH-00,,ChIJbTgmYNLIlzMR0HiSrNoj7V8,6/27/2020,-57,-22,-56,-64,-41,23
PH,Philippines,National Capital Region,,,PH-00,,ChIJbTgmYNLIlzMR0HiSrNoj7V8,6/28/2020,-62,-28,-61,-65,-32,20
PH,Philippines,National Capital Region,,,PH-00,,ChIJbTgmYNLIlzMR0HiSrNoj7V8,6/29/2020,-55,-22,-55,-65,-51,24
PH,Philippines,National Capital Region,,,PH-00,,ChIJbTgmYNLIlzMR0HiSrNoj7V8,6/30/2020,-53,-17,-53,-66,-52,25
PH,Philippines,National Capital Region,,,PH-00,,ChIJbTgmYNLIlzMR0HiSrNoj7V8,7/1/2020,-55,-19,-55,-68,-52,26
PH,Philippines,National Capital Region,,,PH-00,,ChIJbTgmYNLIlzMR0HiSrNoj7V8,7/2/2020,-56,-23,-56,-69,-54,27
PH,Philippines,National Capital Region,,,PH-00,,ChIJbTgmYNLIlzMR0HiSrNoj7V8,7/3/2020,-57,-25,-55,-69,-52,28
PH,Philippines,National Capital Region,,,PH-00,,ChIJbTgmYNLIlzMR0HiSrNoj7V8,7/4/2020,-57,-27,-55,-68,-41,23
PH,Philippines,National Capital Region,,,PH-00,,ChIJbTgmYNLIlzMR0HiSrNoj7V8,7/5/2020,-58,-24,-56,-69,-33,19
PH,Philippines,National Capital Region,,,PH-00,,ChIJbTgmYNLIlzMR0HiSrNoj7V8,7/6/2020,-54,-24,-54,-67,-51,25
PH,Philippines,National Capital Region,,,PH-00,,ChIJbTgmYNLIlzMR0HiSrNoj7V8,7/7/2020,-54,-21,-54,-69,-54,26
PH,Philippines,National Capital Region,,,PH-00,,ChIJbTgmYNLIlzMR0HiSrNoj7V8,7/8/2020,-56,-24,-56,-70,-53,26
PH,Philippines,National Capital Region,,,PH-00,,ChIJbTgmYNLIlzMR0HiSrNoj7V8,7/9/2020,-57,-27,-55,-70,-54,27
PH,Philippines,National Capital Region,,,PH-00,,ChIJbTgmYNLIlzMR0HiSrNoj7V8,7/10/2020,-57,-25,-56,-69,-52,29
PH,Philippines,National Capital Region,,,PH-00,,ChIJbTgmYNLIlzMR0HiSrNoj7V8,7/11/2020,-54,-17,-53,-67,-39,22
PH,Philippines,National Capital Region,,,PH-00,,ChIJbTgmYNLIlzMR0HiSrNoj7V8,7/12/2020,-57,-22,-56,-68,-31,19
PH,Philippines,National Capital Region,,,PH-00,,ChIJbTgmYNLIlzMR0HiSrNoj7V8,7/13/2020,-57,-28,-58,-71,-52,26
PH,Philippines,National Capital Region,,,PH-00,,ChIJbTgmYNLIlzMR0HiSrNoj7V8,7/14/2020,-53,-20,-53,-67,-53,26
PH,Philippines,National Capital Region,,,PH-00,,ChIJbTgmYNLIlzMR0HiSrNoj7V8,7/15/2020,-53,-19,-55,-69,-52,26
PH,Philippines,National Capital Region,,,PH-00,,ChIJbTgmYNLIlzMR0HiSrNoj7V8,7/16/2020,-53,-19,-54,-68,-53,27
PH,Philippines,National Capital Region,,,PH-00,,ChIJbTgmYNLIlzMR0HiSrNoj7V8,7/17/2020,-56,-21,-54,-69,-52,29
PH,Philippines,National Capital Region,,,PH-00,,ChIJbTgmYNLIlzMR0HiSrNoj7V8,7/18/2020,-52,-18,-52,-67,-39,22
PH,Philippines,National Capital Region,,,PH-00,,ChIJbTgmYNLIlzMR0HiSrNoj7V8,7/19/2020,-56,-23,-55,-68,-32,19
PH,Philippines,National Capital Region,,,PH-00,,ChIJbTgmYNLIlzMR0HiSrNoj7V8,7/20/2020,-53,-21,-51,-68,-51,25
PH,Philippines,National Capital Region,,,PH-00,,ChIJbTgmYNLIlzMR0HiSrNoj7V8,7/21/2020,-55,-24,-54,-69,-54,27
PH,Philippines,National Capital Region,,,PH-00,,ChIJbTgmYNLIlzMR0HiSrNoj7V8,7/22/2020,-56,-23,-55,-70,-53,27
PH,Philippines,National Capital Region,,,PH-00,,ChIJbTgmYNLIlzMR0HiSrNoj7V8,7/23/2020,-57,-26,-56,-70,-53,27
PH,Philippines,National Capital Region,,,PH-00,,ChIJbTgmYNLIlzMR0HiSrNoj7V8,7/24/2020,-57,-25,-55,-71,-52,29
PH,Philippines,National Capital Region,,,PH-00,,ChIJbTgmYNLIlzMR0HiSrNoj7V8,7/25/2020,-54,-23,-52,-67,-40,22
PH,Philippines,National Capital Region,,,PH-00,,ChIJbTgmYNLIlzMR0HiSrNoj7V8,7/26/2020,-57,-25,-54,-68,-32,19
PH,Philippines,National Capital Region,,,PH-00,,ChIJbTgmYNLIlzMR0HiSrNoj7V8,7/27/2020,-55,-25,-51,-69,-53,25
PH,Philippines,National Capital Region,,,PH-00,,ChIJbTgmYNLIlzMR0HiSrNoj7V8,7/28/2020,-55,-22,-54,-69,-54,26
PH,Philippines,National Capital Region,,,PH-00,,ChIJbTgmYNLIlzMR0HiSrNoj7V8,7/29/2020,-58,-28,-60,-71,-55,28
PH,Philippines,National Capital Region,,,PH-00,,ChIJbTgmYNLIlzMR0HiSrNoj7V8,7/30/2020,-54,-22,-54,-68,-54,26
PH,Philippines,National Capital Region,,,PH-00,,ChIJbTgmYNLIlzMR0HiSrNoj7V8,7/31/2020,-59,-27,-62,-76,-67,34
PH,Philippines,National Capital Region,,,PH-00,,ChIJbTgmYNLIlzMR0HiSrNoj7V8,8/1/2020,-56,-25,-56,-69,-43,23
PH,Philippines,National Capital Region,,,PH-00,,ChIJbTgmYNLIlzMR0HiSrNoj7V8,8/2/2020,-55,-20,-57,-68,-33,19
PH,Philippines,National Capital Region,,,PH-00,,ChIJbTgmYNLIlzMR0HiSrNoj7V8,8/3/2020,-43,-2,-39,-60,-51,22
PH,Philippines,National Capital Region,,,PH-00,,ChIJbTgmYNLIlzMR0HiSrNoj7V8,8/4/2020,-68,-35,-61,-82,-61,31
PH,Philippines,National Capital Region,,,PH-00,,ChIJbTgmYNLIlzMR0HiSrNoj7V8,8/5/2020,-67,-35,-61,-83,-60,31
PH,Philippines,National Capital Region,,,PH-00,,ChIJbTgmYNLIlzMR0HiSrNoj7V8,8/6/2020,-68,-37,-62,-82,-61,32
PH,Philippines,National Capital Region,,,PH-00,,ChIJbTgmYNLIlzMR0HiSrNoj7V8,8/7/2020,-70,-41,-64,-83,-60,34
PH,Philippines,National Capital Region,,,PH-00,,ChIJbTgmYNLIlzMR0HiSrNoj7V8,8/8/2020,-66,-32,-60,-80,-47,27
PH,Philippines,National Capital Region,,,PH-00,,ChIJbTgmYNLIlzMR0HiSrNoj7V8,8/9/2020,-71,-41,-68,-81,-43,24
PH,Philippines,National Capital Region,,,PH-00,,ChIJbTgmYNLIlzMR0HiSrNoj7V8,8/10/2020,-64,-32,-58,-82,-58,30
PH,Philippines,National Capital Region,,,PH-00,,ChIJbTgmYNLIlzMR0HiSrNoj7V8,8/11/2020,-65,-33,-59,-81,-60,30
PH,Philippines,National Capital Region,,,PH-00,,ChIJbTgmYNLIlzMR0HiSrNoj7V8,8/12/2020,-65,-32,-59,-82,-59,31
PH,Philippines,National Capital Region,,,PH-00,,ChIJbTgmYNLIlzMR0HiSrNoj7V8,8/13/2020,-66,-34,-60,-82,-60,31
PH,Philippines,National Capital Region,,,PH-00,,ChIJbTgmYNLIlzMR0HiSrNoj7V8,8/14/2020,-66,-32,-60,-82,-58,33
PH,Philippines,National Capital Region,,,PH-00,,ChIJbTgmYNLIlzMR0HiSrNoj7V8,8/15/2020,-64,-29,-58,-80,-46,26
PH,Philippines,National Capital Region,,,PH-00,,ChIJbTgmYNLIlzMR0HiSrNoj7V8,8/16/2020,-67,-31,-62,-79,-41,23
PH,Philippines,National Capital Region,,,PH-00,,ChIJbTgmYNLIlzMR0HiSrNoj7V8,8/17/2020,-63,-31,-57,-81,-57,29
PH,Philippines,National Capital Region,,,PH-00,,ChIJbTgmYNLIlzMR0HiSrNoj7V8,8/18/2020,-65,-34,-60,-80,-58,30
PH,Philippines,National Capital Region,,,PH-00,,ChIJbTgmYNLIlzMR0HiSrNoj7V8,8/19/2020,-59,-27,-55,-72,-56,28
PH,Philippines,National Capital Region,,,PH-00,,ChIJbTgmYNLIlzMR0HiSrNoj7V8,8/20/2020,-56,-24,-52,-69,-55,26
PH,Philippines,National Capital Region,,,PH-00,,ChIJbTgmYNLIlzMR0HiSrNoj7V8,8/21/2020,-62,-30,-63,-78,-67,34
PH,Philippines,National Capital Region,,,PH-00,,ChIJbTgmYNLIlzMR0HiSrNoj7V8,8/22/2020,-57,-26,-53,-71,-42,23
PH,Philippines,National Capital Region,,,PH-00,,ChIJbTgmYNLIlzMR0HiSrNoj7V8,8/23/2020,-59,-28,-56,-71,-34,19
PH,Philippines,National Capital Region,,,PH-00,,ChIJbTgmYNLIlzMR0HiSrNoj7V8,8/24/2020,-54,-25,-49,-69,-52,24
PH,Philippines,National Capital Region,,,PH-00,,ChIJbTgmYNLIlzMR0HiSrNoj7V8,8/25/2020,-55,-23,-52,-70,-54,26
PH,Philippines,National Capital Region,,,PH-00,,ChIJbTgmYNLIlzMR0HiSrNoj7V8,8/26/2020,-56,-25,-52,-70,-53,26
PH,Philippines,National Capital Region,,,PH-00,,ChIJbTgmYNLIlzMR0HiSrNoj7V8,8/27/2020,-56,-26,-53,-70,-53,26
PH,Philippines,National Capital Region,,,PH-00,,ChIJbTgmYNLIlzMR0HiSrNoj7V8,8/28/2020,-56,-25,-52,-70,-51,28
PH,Philippines,National Capital Region,,,PH-00,,ChIJbTgmYNLIlzMR0HiSrNoj7V8,8/29/2020,-53,-21,-51,-66,-39,21
PH,Philippines,National Capital Region,,,PH-00,,ChIJbTgmYNLIlzMR0HiSrNoj7V8,8/30/2020,-54,-22,-53,-67,-32,17
PH,Philippines,National Capital Region,,,PH-00,,ChIJbTgmYNLIlzMR0HiSrNoj7V8,8/31/2020,-55,-27,-56,-76,-69,29
PH,Philippines,National Capital Region,,,PH-00,,ChIJbTgmYNLIlzMR0HiSrNoj7V8,9/1/2020,-54,-22,-51,-67,-52,24
PH,Philippines,National Capital Region,,,PH-00,,ChIJbTgmYNLIlzMR0HiSrNoj7V8,9/2/2020,-56,-25,-51,-69,-52,25
PH,Philippines,National Capital Region,,,PH-00,,ChIJbTgmYNLIlzMR0HiSrNoj7V8,9/3/2020,-56,-27,-52,-69,-53,26
PH,Philippines,National Capital Region,,,PH-00,,ChIJbTgmYNLIlzMR0HiSrNoj7V8,9/4/2020,-56,-27,-53,-71,-51,27
PH,Philippines,National Capital Region,,,PH-00,,ChIJbTgmYNLIlzMR0HiSrNoj7V8,9/5/2020,-53,-22,-51,-68,-39,21
PH,Philippines,National Capital Region,,,PH-00,,ChIJbTgmYNLIlzMR0HiSrNoj7V8,9/6/2020,-55,-25,-53,-68,-33,18
PH,Philippines,National Capital Region,,,PH-00,,ChIJbTgmYNLIlzMR0HiSrNoj7V8,9/7/2020,-54,-28,-51,-69,-52,24
PH,Philippines,National Capital Region,,,PH-00,,ChIJbTgmYNLIlzMR0HiSrNoj7V8,9/8/2020,-53,-22,-50,-68,-53,24
PH,Philippines,National Capital Region,,,PH-00,,ChIJbTgmYNLIlzMR0HiSrNoj7V8,9/9/2020,-56,-27,-53,-70,-52,25
PH,Philippines,National Capital Region,,,PH-00,,ChIJbTgmYNLIlzMR0HiSrNoj7V8,9/10/2020,-55,-27,-49,-69,-52,25
PH,Philippines,National Capital Region,,,PH-00,,ChIJbTgmYNLIlzMR0HiSrNoj7V8,9/11/2020,-56,-27,-51,-70,-51,27
PH,Philippines,National Capital Region,,,PH-00,,ChIJbTgmYNLIlzMR0HiSrNoj7V8,9/12/2020,-51,-22,-48,-66,-38,21
PH,Philippines,National Capital Region,,,PH-00,,ChIJbTgmYNLIlzMR0HiSrNoj7V8,9/13/2020,-53,-23,-49,-67,-29,17
PH,Philippines,National Capital Region,,,PH-00,,ChIJbTgmYNLIlzMR0HiSrNoj7V8,9/14/2020,-52,-24,-47,-69,-48,23
PH,Philippines,National Capital Region,,,PH-00,,ChIJbTgmYNLIlzMR0HiSrNoj7V8,9/15/2020,-52,-21,-54,-68,-51,25
PH,Philippines,National Capital Region,,,PH-00,,ChIJbTgmYNLIlzMR0HiSrNoj7V8,9/16/2020,-51,-18,-50,-68,-49,25
PH,Philippines,National Capital Region,,,PH-00,,ChIJbTgmYNLIlzMR0HiSrNoj7V8,9/17/2020,-53,-23,-49,-68,-50,25
PH,Philippines,National Capital Region,,,PH-00,,ChIJbTgmYNLIlzMR0HiSrNoj7V8,9/18/2020,-54,-24,-50,-70,-49,27
PH,Philippines,National Capital Region,,,PH-00,,ChIJbTgmYNLIlzMR0HiSrNoj7V8,9/19/2020,-51,-21,-47,-65,-37,21
PH,Philippines,National Capital Region,,,PH-00,,ChIJbTgmYNLIlzMR0HiSrNoj7V8,9/20/2020,-52,-21,-46,-65,-29,17
PH,Philippines,National Capital Region,,,PH-00,,ChIJbTgmYNLIlzMR0HiSrNoj7V8,9/21/2020,-51,-24,-46,-69,-49,24
PH,Philippines,National Capital Region,,,PH-00,,ChIJbTgmYNLIlzMR0HiSrNoj7V8,9/22/2020,-54,-23,-52,-68,-51,25
PH,Philippines,National Capital Region,,,PH-00,,ChIJbTgmYNLIlzMR0HiSrNoj7V8,9/23/2020,-57,-28,-55,-69,-50,26
PH,Philippines,National Capital Region,,,PH-00,,ChIJbTgmYNLIlzMR0HiSrNoj7V8,9/24/2020,-57,-26,-54,-70,-51,26
PH,Philippines,National Capital Region,,,PH-00,,ChIJbTgmYNLIlzMR0HiSrNoj7V8,9/25/2020,-57,-24,-53,-70,-49,28
PH,Philippines,National Capital Region,,,PH-00,,ChIJbTgmYNLIlzMR0HiSrNoj7V8,9/26/2020,-52,-18,-49,-65,-36,20
PH,Philippines,National Capital Region,,,PH-00,,ChIJbTgmYNLIlzMR0HiSrNoj7V8,9/27/2020,-53,-20,-48,-65,-29,17
PH,Philippines,National Capital Region,,,PH-00,,ChIJbTgmYNLIlzMR0HiSrNoj7V8,9/28/2020,-53,-23,-49,-68,-48,24
PH,Philippines,National Capital Region,,,PH-00,,ChIJbTgmYNLIlzMR0HiSrNoj7V8,9/29/2020,-54,-23,-53,-67,-50,25
PH,Philippines,National Capital Region,,,PH-00,,ChIJbTgmYNLIlzMR0HiSrNoj7V8,9/30/2020,-52,-16,-50,-67,-49,24
PH,Philippines,National Capital Region,,,PH-00,,ChIJbTgmYNLIlzMR0HiSrNoj7V8,10/1/2020,-54,-19,-50,-67,-48,24
PH,Philippines,National Capital Region,,,PH-00,,ChIJbTgmYNLIlzMR0HiSrNoj7V8,10/2/2020,-55,-20,-50,-69,-47,26
PH,Philippines,National Capital Region,,,PH-00,,ChIJbTgmYNLIlzMR0HiSrNoj7V8,10/3/2020,-51,-18,-47,-64,-35,19
PH,Philippines,National Capital Region,,,PH-00,,ChIJbTgmYNLIlzMR0HiSrNoj7V8,10/4/2020,-52,-17,-45,-64,-27,16
PH,Philippines,National Capital Region,,,PH-00,,ChIJbTgmYNLIlzMR0HiSrNoj7V8,10/5/2020,-53,-21,-47,-67,-47,22
PH,Philippines,National Capital Region,,,PH-00,,ChIJbTgmYNLIlzMR0HiSrNoj7V8,10/6/2020,-53,-20,-50,-67,-49,24
PH,Philippines,National Capital Region,,,PH-00,,ChIJbTgmYNLIlzMR0HiSrNoj7V8,10/7/2020,-56,-24,-55,-68,-49,25
PH,Philippines,National Capital Region,,,PH-00,,ChIJbTgmYNLIlzMR0HiSrNoj7V8,10/8/2020,-57,-25,-55,-69,-49,25
PH,Philippines,National Capital Region,,,PH-00,,ChIJbTgmYNLIlzMR0HiSrNoj7V8,10/9/2020,-56,-24,-55,-69,-47,27
PH,Philippines,National Capital Region,,,PH-00,,ChIJbTgmYNLIlzMR0HiSrNoj7V8,10/10/2020,-52,-20,-52,-64,-33,20
PH,Philippines,National Capital Region,,,PH-00,,ChIJbTgmYNLIlzMR0HiSrNoj7V8,10/11/2020,-58,-28,-58,-67,-28,18
PH,Philippines,National Capital Region,,,PH-00,,ChIJbTgmYNLIlzMR0HiSrNoj7V8,10/12/2020,-55,-26,-54,-67,-48,24
PH,Philippines,National Capital Region,,,PH-00,,ChIJbTgmYNLIlzMR0HiSrNoj7V8,10/13/2020,-54,-20,-54,-66,-48,25
PH,Philippines,National Capital Region,,,PH-00,,ChIJbTgmYNLIlzMR0HiSrNoj7V8,10/14/2020,-58,-29,-59,-69,-49,26
PH,Philippines,National Capital Region,,,PH-00,,ChIJbTgmYNLIlzMR0HiSrNoj7V8,10/15/2020,-51,-15,-50,-65,-47,25
PH,Philippines,National Capital Region,,,PH-00,,ChIJbTgmYNLIlzMR0HiSrNoj7V8,10/16/2020,-51,-14,-46,-65,-45,26
PH,Philippines,National Capital Region,,,PH-00,,ChIJbTgmYNLIlzMR0HiSrNoj7V8,10/17/2020,-47,-12,-44,-60,-33,19
PH,Philippines,National Capital Region,,,PH-00,,ChIJbTgmYNLIlzMR0HiSrNoj7V8,10/18/2020,-50,-17,-48,-62,-26,16
PH,Philippines,National Capital Region,,,PH-00,,ChIJbTgmYNLIlzMR0HiSrNoj7V8,10/19/2020,-50,-19,-45,-65,-45,23
PH,Philippines,National Capital Region,,,PH-00,,ChIJbTgmYNLIlzMR0HiSrNoj7V8,10/20/2020,-57,-31,-58,-67,-49,25
PH,Philippines,National Capital Region,,,PH-00,,ChIJbTgmYNLIlzMR0HiSrNoj7V8,10/21/2020,-52,-18,-50,-68,-46,25
PH,Philippines,National Capital Region,,,PH-00,,ChIJbTgmYNLIlzMR0HiSrNoj7V8,10/22/2020,-52,-20,-45,-66,-46,24
PH,Philippines,National Capital Region,,,PH-00,,ChIJbTgmYNLIlzMR0HiSrNoj7V8,10/23/2020,-52,-19,-46,-67,-45,25
PH,Philippines,National Capital Region,,,PH-00,,ChIJbTgmYNLIlzMR0HiSrNoj7V8,10/24/2020,-48,-15,-40,-62,-31,19
PH,Philippines,National Capital Region,,,PH-00,,ChIJbTgmYNLIlzMR0HiSrNoj7V8,10/25/2020,-52,-23,-46,-63,-26,16
PH,Philippines,National Capital Region,,,PH-00,,ChIJbTgmYNLIlzMR0HiSrNoj7V8,10/26/2020,-54,-23,-49,-70,-47,24
PH,Philippines,National Capital Region,,,PH-00,,ChIJbTgmYNLIlzMR0HiSrNoj7V8,10/27/2020,-50,-17,-44,-64,-46,23
PH,Philippines,National Capital Region,,,PH-00,,ChIJbTgmYNLIlzMR0HiSrNoj7V8,10/28/2020,-51,-20,-44,-65,-45,23
PH,Philippines,National Capital Region,,,PH-00,,ChIJbTgmYNLIlzMR0HiSrNoj7V8,10/29/2020,-52,-21,-48,-65,-46,23
PH,Philippines,National Capital Region,,,PH-00,,ChIJbTgmYNLIlzMR0HiSrNoj7V8,10/30/2020,-49,-14,-48,-65,-44,24
PH,Philippines,National Capital Region,,,PH-00,,ChIJbTgmYNLIlzMR0HiSrNoj7V8,10/31/2020,-44,-4,-43,-60,-29,17
PH,Philippines,National Capital Region,,,PH-00,,ChIJbTgmYNLIlzMR0HiSrNoj7V8,11/1/2020,-74,-43,-73,-81,-42,23
PH,Philippines,National Capital Region,,,PH-00,,ChIJbTgmYNLIlzMR0HiSrNoj7V8,11/2/2020,-55,-26,-60,-77,-68,29
PH,Philippines,National Capital Region,,,PH-00,,ChIJbTgmYNLIlzMR0HiSrNoj7V8,11/3/2020,-50,-21,-52,-64,-46,22
PH,Philippines,National Capital Region,,,PH-00,,ChIJbTgmYNLIlzMR0HiSrNoj7V8,11/4/2020,-52,-22,-53,-67,-45,24
PH,Philippines,National Capital Region,,,PH-00,,ChIJbTgmYNLIlzMR0HiSrNoj7V8,11/5/2020,-50,-19,-47,-66,-45,24
PH,Philippines,National Capital Region,,,PH-00,,ChIJbTgmYNLIlzMR0HiSrNoj7V8,11/6/2020,-51,-21,-49,-68,-43,25
PH,Philippines,National Capital Region,,,PH-00,,ChIJbTgmYNLIlzMR0HiSrNoj7V8,11/7/2020,-47,-18,-43,-64,-29,19
PH,Philippines,National Capital Region,,,PH-00,,ChIJbTgmYNLIlzMR0HiSrNoj7V8,11/8/2020,-47,-16,-41,-63,-21,15
PH,Philippines,National Capital Region,,,PH-00,,ChIJbTgmYNLIlzMR0HiSrNoj7V8,11/9/2020,-49,-20,-46,-66,-43,22
PH,Philippines,National Capital Region,,,PH-00,,ChIJbTgmYNLIlzMR0HiSrNoj7V8,11/10/2020,-49,-17,-50,-64,-45,23
PH,Philippines,National Capital Region,,,PH-00,,ChIJbTgmYNLIlzMR0HiSrNoj7V8,11/11/2020,-54,-26,-56,-67,-46,24
PH,Philippines,National Capital Region,,,PH-00,,ChIJbTgmYNLIlzMR0HiSrNoj7V8,11/12/2020,-79,-55,-71,-88,-78,33
PH,Philippines,National Capital Region,,,PH-00,,ChIJbTgmYNLIlzMR0HiSrNoj7V8,11/13/2020,-49,-14,-53,-70,-47,24
PH,Philippines,National Capital Region,,,PH-00,,ChIJbTgmYNLIlzMR0HiSrNoj7V8,11/14/2020,-41,-7,-44,-61,-28,17
PH,Philippines,National Capital Region,,,PH-00,,ChIJbTgmYNLIlzMR0HiSrNoj7V8,11/15/2020,-42,-7,-44,-60,-18,13
PH,Philippines,National Capital Region,,,PH-00,,ChIJbTgmYNLIlzMR0HiSrNoj7V8,11/16/2020,-44,-11,-44,-63,-42,20
PH,Philippines,National Capital Region,,,PH-00,,ChIJbTgmYNLIlzMR0HiSrNoj7V8,11/17/2020,-45,-12,-48,-63,-44,21
PH,Philippines,National Capital Region,,,PH-00,,ChIJbTgmYNLIlzMR0HiSrNoj7V8,11/18/2020,-47,-14,-48,-64,-43,22
PH,Philippines,National Capital Region,,,PH-00,,ChIJbTgmYNLIlzMR0HiSrNoj7V8,11/19/2020,-47,-14,-45,-63,-44,23
PH,Philippines,National Capital Region,,,PH-00,,ChIJbTgmYNLIlzMR0HiSrNoj7V8,11/20/2020,-47,-14,-46,-65,-42,24
PH,Philippines,National Capital Region,,,PH-00,,ChIJbTgmYNLIlzMR0HiSrNoj7V8,11/21/2020,-41,-8,-41,-59,-27,17
PH,Philippines,National Capital Region,,,PH-00,,ChIJbTgmYNLIlzMR0HiSrNoj7V8,11/22/2020,-42,-10,-40,-60,-18,13
PH,Philippines,National Capital Region,,,PH-00,,ChIJbTgmYNLIlzMR0HiSrNoj7V8,11/23/2020,-47,-17,-45,-64,-42,21
PH,Philippines,National Capital Region,,,PH-00,,ChIJbTgmYNLIlzMR0HiSrNoj7V8,11/24/2020,-46,-14,-47,-62,-44,22
PH,Philippines,National Capital Region,,,PH-00,,ChIJbTgmYNLIlzMR0HiSrNoj7V8,11/25/2020,-46,-13,-45,-63,-42,22
PH,Philippines,National Capital Region,,,PH-00,,ChIJbTgmYNLIlzMR0HiSrNoj7V8,11/26/2020,-45,-12,-43,-62,-43,22
PH,Philippines,National Capital Region,,,PH-00,,ChIJbTgmYNLIlzMR0HiSrNoj7V8,11/27/2020,-44,-12,-46,-63,-41,23
PH,Philippines,National Capital Region,,,PH-00,,ChIJbTgmYNLIlzMR0HiSrNoj7V8,11/28/2020,-37,-3,-38,-55,-25,15
PH,Philippines,National Capital Region,,,PH-00,,ChIJbTgmYNLIlzMR0HiSrNoj7V8,11/29/2020,-41,-8,-45,-56,-18,13
PH,Philippines,National Capital Region,,,PH-00,,ChIJbTgmYNLIlzMR0HiSrNoj7V8,11/30/2020,-42,-10,-43,-68,-63,25
PH,Philippines,National Capital Region,,,PH-00,,ChIJbTgmYNLIlzMR0HiSrNoj7V8,12/1/2020,-42,-8,-39,-56,-41,20
PH,Philippines,National Capital Region,,,PH-00,,ChIJbTgmYNLIlzMR0HiSrNoj7V8,12/2/2020,-44,-10,-43,-61,-41,22
PH,Philippines,National Capital Region,,,PH-00,,ChIJbTgmYNLIlzMR0HiSrNoj7V8,12/3/2020,-44,-11,-40,-60,-41,22
PH,Philippines,National Capital Region,,,PH-00,,ChIJbTgmYNLIlzMR0HiSrNoj7V8,12/4/2020,-45,-11,-43,-62,-39,24
PH,Philippines,National Capital Region,,,PH-00,,ChIJbTgmYNLIlzMR0HiSrNoj7V8,12/5/2020,-38,-6,-38,-55,-23,16
PH,Philippines,National Capital Region,,,PH-00,,ChIJbTgmYNLIlzMR0HiSrNoj7V8,12/6/2020,-39,-6,-40,-56,-15,13
PH,Philippines,National Capital Region,,,PH-00,,ChIJbTgmYNLIlzMR0HiSrNoj7V8,12/7/2020,-43,-13,-42,-61,-41,20
PH,Philippines,National Capital Region,,,PH-00,,ChIJbTgmYNLIlzMR0HiSrNoj7V8,12/8/2020,-41,-10,-47,-66,-59,26
PH,Philippines,National Capital Region,,,PH-00,,ChIJbTgmYNLIlzMR0HiSrNoj7V8,12/9/2020,-45,-13,-43,-62,-40,21
PH,Philippines,National Capital Region,,,PH-00,,ChIJbTgmYNLIlzMR0HiSrNoj7V8,12/10/2020,-45,-12,-45,-62,-42,23
PH,Philippines,National Capital Region,,,PH-00,,ChIJbTgmYNLIlzMR0HiSrNoj7V8,12/11/2020,-41,-5,-37,-62,-38,22
PH,Philippines,National Capital Region,,,PH-00,,ChIJbTgmYNLIlzMR0HiSrNoj7V8,12/12/2020,-35,0,-34,-55,-22,15
PH,Philippines,National Capital Region,,,PH-00,,ChIJbTgmYNLIlzMR0HiSrNoj7V8,12/13/2020,-35,0,-32,-53,-12,12
PH,Philippines,National Capital Region,,,PH-00,,ChIJbTgmYNLIlzMR0HiSrNoj7V8,12/14/2020,-38,-4,-34,-60,-39,19
PH,Philippines,National Capital Region,,,PH-00,,ChIJbTgmYNLIlzMR0HiSrNoj7V8,12/15/2020,-36,3,-35,-57,-40,19
PH,Philippines,National Capital Region,,,PH-00,,ChIJbTgmYNLIlzMR0HiSrNoj7V8,12/16/2020,-36,5,-33,-57,-38,19
PH,Philippines,National Capital Region,,,PH-00,,ChIJbTgmYNLIlzMR0HiSrNoj7V8,12/17/2020,-36,2,-34,-56,-39,20
PH,Philippines,National Capital Region,,,PH-00,,ChIJbTgmYNLIlzMR0HiSrNoj7V8,12/18/2020,-39,-1,-36,-59,-37,21
PH,Philippines,National Capital Region,,,PH-00,,ChIJbTgmYNLIlzMR0HiSrNoj7V8,12/19/2020,-35,1,-43,-52,-23,16
PH,Philippines,National Capital Region,,,PH-00,,ChIJbTgmYNLIlzMR0HiSrNoj7V8,12/20/2020,-28,11,-34,-47,-9,11
PH,Philippines,National Capital Region,,,PH-00,,ChIJbTgmYNLIlzMR0HiSrNoj7V8,12/21/2020,-29,8,-29,-54,-38,17
PH,Philippines,National Capital Region,,,PH-00,,ChIJbTgmYNLIlzMR0HiSrNoj7V8,12/22/2020,-28,13,-30,-52,-40,17
PH,Philippines,National Capital Region,,,PH-00,,ChIJbTgmYNLIlzMR0HiSrNoj7V8,12/23/2020,-24,25,-28,-50,-40,16
PH,Philippines,National Capital Region,,,PH-00,,ChIJbTgmYNLIlzMR0HiSrNoj7V8,12/24/2020,-38,22,-39,-65,-62,22
PH,Philippines,National Capital Region,,,PH-00,,ChIJbTgmYNLIlzMR0HiSrNoj7V8,12/25/2020,-62,-39,-50,-79,-72,29
PH,Philippines,National Capital Region,,,PH-00,,ChIJbTgmYNLIlzMR0HiSrNoj7V8,12/26/2020,-46,-15,-51,-64,-37,19
PH,Philippines,National Capital Region,,,PH-00,,ChIJbTgmYNLIlzMR0HiSrNoj7V8,12/27/2020,-52,-25,-60,-63,-19,16
PH,Philippines,National Capital Region,,,PH-00,,ChIJbTgmYNLIlzMR0HiSrNoj7V8,12/28/2020,-33,4,-33,-59,-43,20
PH,Philippines,National Capital Region,,,PH-00,,ChIJbTgmYNLIlzMR0HiSrNoj7V8,12/29/2020,-32,8,-39,-56,-45,20
PH,Philippines,National Capital Region,,,PH-00,,ChIJbTgmYNLIlzMR0HiSrNoj7V8,12/30/2020,-34,20,-40,-64,-60,24
PH,Philippines,National Capital Region,,,PH-00,,ChIJbTgmYNLIlzMR0HiSrNoj7V8,12/31/2020,-49,15,-46,-72,-65,26
PH,Philippines,National Capital Region,,,PH-00,,ChIJbTgmYNLIlzMR0HiSrNoj7V8,1/1/2021,-73,-57,-56,-83,-75,32
PH,Philippines,National Capital Region,,,PH-00,,ChIJbTgmYNLIlzMR0HiSrNoj7V8,1/2/2021,-51,-23,-48,-68,-41,20
PH,Philippines,National Capital Region,,,PH-00,,ChIJbTgmYNLIlzMR0HiSrNoj7V8,1/3/2021,-56,-30,-57,-64,-21,16
PH,Philippines,National Capital Region,,,PH-00,,ChIJbTgmYNLIlzMR0HiSrNoj7V8,1/4/2021,-43,-8,-39,-62,-39,21
PH,Philippines,National Capital Region,,,PH-00,,ChIJbTgmYNLIlzMR0HiSrNoj7V8,1/5/2021,-45,-10,-44,-61,-41,22
PH,Philippines,National Capital Region,,,PH-00,,ChIJbTgmYNLIlzMR0HiSrNoj7V8,1/6/2021,-44,-8,-42,-63,-40,23
PH,Philippines,National Capital Region,,,PH-00,,ChIJbTgmYNLIlzMR0HiSrNoj7V8,1/7/2021,-45,-11,-42,-62,-40,23
PH,Philippines,National Capital Region,,,PH-00,,ChIJbTgmYNLIlzMR0HiSrNoj7V8,1/8/2021,-45,-10,-42,-64,-38,24
PH,Philippines,National Capital Region,,,PH-00,,ChIJbTgmYNLIlzMR0HiSrNoj7V8,1/9/2021,-41,-6,-38,-57,-24,17
PH,Philippines,National Capital Region,,,PH-00,,ChIJbTgmYNLIlzMR0HiSrNoj7V8,1/10/2021,-42,-7,-39,-57,-14,14
PH,Philippines,National Capital Region,,,PH-00,,ChIJbTgmYNLIlzMR0HiSrNoj7V8,1/11/2021,-43,-10,-38,-61,-39,21
PH,Philippines,National Capital Region,,,PH-00,,ChIJbTgmYNLIlzMR0HiSrNoj7V8,1/12/2021,-44,-11,-43,-61,-41,22
PH,Philippines,National Capital Region,,,PH-00,,ChIJbTgmYNLIlzMR0HiSrNoj7V8,1/13/2021,-47,-14,-44,-63,-41,21
PH,Philippines,National Capital Region,,,PH-00,,ChIJbTgmYNLIlzMR0HiSrNoj7V8,1/14/2021,-47,-16,-43,-64,-44,20
PH,Philippines,National Capital Region,,,PH-00,,ChIJbTgmYNLIlzMR0HiSrNoj7V8,1/15/2021,-47,-15,-43,-66,-43,20
PH,Philippines,National Capital Region,,,PH-00,,ChIJbTgmYNLIlzMR0HiSrNoj7V8,1/16/2021,-43,-11,-41,-61,-31,14
PH,Philippines,National Capital Region,,,PH-00,,ChIJbTgmYNLIlzMR0HiSrNoj7V8,1/17/2021,-46,-14,-41,-60,-23,11
PH,Philippines,National Capital Region,,,PH-00,,ChIJbTgmYNLIlzMR0HiSrNoj7V8,1/18/2021,-46,-16,-40,-63,-44,19
PH,Philippines,National Capital Region,,,PH-00,,ChIJbTgmYNLIlzMR0HiSrNoj7V8,1/19/2021,-48,-18,-46,-64,-46,21
PH,Philippines,National Capital Region,,,PH-00,,ChIJbTgmYNLIlzMR0HiSrNoj7V8,1/20/2021,-52,-24,-51,-65,-45,22
PH,Philippines,National Capital Region,,,PH-00,,ChIJbTgmYNLIlzMR0HiSrNoj7V8,1/21/2021,-49,-18,-45,-64,-45,22
PH,Philippines,National Capital Region,,,PH-00,,ChIJbTgmYNLIlzMR0HiSrNoj7V8,1/22/2021,-48,-17,-44,-66,-42,23
PH,Philippines,National Capital Region,,,PH-00,,ChIJbTgmYNLIlzMR0HiSrNoj7V8,1/23/2021,-44,-13,-41,-62,-29,16
PH,Philippines,National Capital Region,,,PH-00,,ChIJbTgmYNLIlzMR0HiSrNoj7V8,1/24/2021,-47,-16,-43,-61,-21,13
PH,Philippines,National Capital Region,,,PH-00,,ChIJbTgmYNLIlzMR0HiSrNoj7V8,1/25/2021,-45,-14,-40,-62,-42,19
PH,Philippines,National Capital Region,,,PH-00,,ChIJbTgmYNLIlzMR0HiSrNoj7V8,1/26/2021,-46,-16,-45,-62,-44,21
PH,Philippines,National Capital Region,,,PH-00,,ChIJbTgmYNLIlzMR0HiSrNoj7V8,1/27/2021,-49,-18,-46,-64,-43,22
PH,Philippines,National Capital Region,,,PH-00,,ChIJbTgmYNLIlzMR0HiSrNoj7V8,1/28/2021,-46,-15,-43,-62,-43,21
PH,Philippines,National Capital Region,,,PH-00,,ChIJbTgmYNLIlzMR0HiSrNoj7V8,1/29/2021,-43,-8,-39,-63,-40,22
PH,Philippines,National Capital Region,,,PH-00,,ChIJbTgmYNLIlzMR0HiSrNoj7V8,1/30/2021,-38,0,-34,-58,-26,15
PH,Philippines,National Capital Region,,,PH-00,,ChIJbTgmYNLIlzMR0HiSrNoj7V8,1/31/2021,-39,0,-33,-57,-17,11
PH,Philippines,National Capital Region,,,PH-00,,ChIJbTgmYNLIlzMR0HiSrNoj7V8,2/1/2021,-42,-4,-35,-61,-41,19
PH,Philippines,National Capital Region,,,PH-00,,ChIJbTgmYNLIlzMR0HiSrNoj7V8,2/2/2021,-43,-6,-38,-60,-43,20
PH,Philippines,National Capital Region,,,PH-00,,ChIJbTgmYNLIlzMR0HiSrNoj7V8,2/3/2021,-45,-10,-40,-63,-42,21
PH,Philippines,National Capital Region,,,PH-00,,ChIJbTgmYNLIlzMR0HiSrNoj7V8,2/4/2021,-46,-13,-40,-63,-42,21
PH,Philippines,National Capital Region,,,PH-00,,ChIJbTgmYNLIlzMR0HiSrNoj7V8,2/5/2021,-45,-11,-41,-65,-40,22
PH,Philippines,National Capital Region,,,PH-00,,ChIJbTgmYNLIlzMR0HiSrNoj7V8,2/6/2021,-41,-7,-38,-60,-26,16
PH,Philippines,National Capital Region,,,PH-00,,ChIJbTgmYNLIlzMR0HiSrNoj7V8,2/7/2021,-43,-9,-35,-61,-18,12
PH,Philippines,National Capital Region,,,PH-00,,ChIJbTgmYNLIlzMR0HiSrNoj7V8,2/8/2021,-43,-10,-37,-62,-41,19
PH,Philippines,National Capital Region,,,PH-00,,ChIJbTgmYNLIlzMR0HiSrNoj7V8,2/9/2021,-47,-15,-48,-62,-43,21
PH,Philippines,National Capital Region,,,PH-00,,ChIJbTgmYNLIlzMR0HiSrNoj7V8,2/10/2021,-44,-8,-43,-62,-41,21
PH,Philippines,National Capital Region,,,PH-00,,ChIJbTgmYNLIlzMR0HiSrNoj7V8,2/11/2021,-39,-4,-35,-58,-41,19
PH,Philippines,National Capital Region,,,PH-00,,ChIJbTgmYNLIlzMR0HiSrNoj7V8,2/12/2021,-46,-12,-43,-70,-59,27
PH,Philippines,National Capital Region,,,PH-00,,ChIJbTgmYNLIlzMR0HiSrNoj7V8,2/13/2021,-42,-9,-41,-62,-30,16
PH,Philippines,National Capital Region,,,PH-00,,ChIJbTgmYNLIlzMR0HiSrNoj7V8,2/14/2021,-30,3,-19,-55,-15,10
PH,Philippines,National Capital Region,,,PH-00,,ChIJbTgmYNLIlzMR0HiSrNoj7V8,2/15/2021,-40,-5,-37,-60,-40,19
PH,Philippines,National Capital Region,,,PH-00,,ChIJbTgmYNLIlzMR0HiSrNoj7V8,2/16/2021,-41,-4,-41,-60,-42,20
PH,Philippines,National Capital Region,,,PH-00,,ChIJbTgmYNLIlzMR0HiSrNoj7V8,2/17/2021,-43,-6,-40,-62,-40,21
PH,Philippines,National Capital Region,,,PH-00,,ChIJbTgmYNLIlzMR0HiSrNoj7V8,2/18/2021,-43,-8,-38,-61,-41,21
PH,Philippines,National Capital Region,,,PH-00,,ChIJbTgmYNLIlzMR0HiSrNoj7V8,2/19/2021,-43,-7,-39,-63,-39,22
PH,Philippines,National Capital Region,,,PH-00,,ChIJbTgmYNLIlzMR0HiSrNoj7V8,2/20/2021,-39,-2,-32,-58,-25,16
PH,Philippines,National Capital Region,,,PH-00,,ChIJbTgmYNLIlzMR0HiSrNoj7V8,2/21/2021,-42,-5,-32,-58,-17,13
PH,Philippines,National Capital Region,,,PH-00,,ChIJbTgmYNLIlzMR0HiSrNoj7V8,2/22/2021,-44,-11,-42,-61,-39,19
PH,Philippines,National Capital Region,,,PH-00,,ChIJbTgmYNLIlzMR0HiSrNoj7V8,2/23/2021,-43,-8,-42,-60,-41,21
PH,Philippines,National Capital Region,,,PH-00,,ChIJbTgmYNLIlzMR0HiSrNoj7V8,2/24/2021,-42,-4,-37,-59,-39,20
PH,Philippines,National Capital Region,,,PH-00,,ChIJbTgmYNLIlzMR0HiSrNoj7V8,2/25/2021,-44,-7,-38,-67,-60,26
PH,Philippines,National Capital Region,,,PH-00,,ChIJbTgmYNLIlzMR0HiSrNoj7V8,2/26/2021,-42,-4,-38,-62,-38,22
PH,Philippines,National Capital Region,,,PH-00,,ChIJbTgmYNLIlzMR0HiSrNoj7V8,2/27/2021,-37,1,-33,-58,-24,15
PH,Philippines,National Capital Region,,,PH-00,,ChIJbTgmYNLIlzMR0HiSrNoj7V8,2/28/2021,-38,2,-30,-56,-15,11
PH,Philippines,National Capital Region,,,PH-00,,ChIJbTgmYNLIlzMR0HiSrNoj7V8,3/1/2021,-39,0,-35,-59,-39,19
PH,Philippines,National Capital Region,,,PH-00,,ChIJbTgmYNLIlzMR0HiSrNoj7V8,3/2/2021,-41,-3,-41,-59,-40,20
PH,Philippines,National Capital Region,,,PH-00,,ChIJbTgmYNLIlzMR0HiSrNoj7V8,3/3/2021,-42,-3,-39,-61,-39,21
PH,Philippines,National Capital Region,,,PH-00,,ChIJbTgmYNLIlzMR0HiSrNoj7V8,3/4/2021,-42,-5,-37,-60,-40,21
PH,Philippines,National Capital Region,,,PH-00,,ChIJbTgmYNLIlzMR0HiSrNoj7V8,3/5/2021,-42,-4,-37,-62,-38,22
PH,Philippines,National Capital Region,,,PH-00,,ChIJbTgmYNLIlzMR0HiSrNoj7V8,3/6/2021,-38,0,-31,-57,-24,15
PH,Philippines,National Capital Region,,,PH-00,,ChIJbTgmYNLIlzMR0HiSrNoj7V8,3/7/2021,-40,-2,-28,-57,-15,12
PH,Philippines,National Capital Region,,,PH-00,,ChIJbTgmYNLIlzMR0HiSrNoj7V8,3/8/2021,-41,-5,-34,-59,-39,20
PH,Philippines,National Capital Region,,,PH-00,,ChIJbTgmYNLIlzMR0HiSrNoj7V8,3/9/2021,-43,-6,-40,-60,-41,21
PH,Philippines,National Capital Region,,,PH-00,,ChIJbTgmYNLIlzMR0HiSrNoj7V8,3/10/2021,-43,-4,-39,-61,-40,22
PH,Philippines,National Capital Region,,,PH-00,,ChIJbTgmYNLIlzMR0HiSrNoj7V8,3/11/2021,-44,-7,-40,-61,-40,22
PH,Philippines,National Capital Region,,,PH-00,,ChIJbTgmYNLIlzMR0HiSrNoj7V8,3/12/2021,-46,-9,-43,-64,-39,24
PH,Philippines,National Capital Region,,,PH-00,,ChIJbTgmYNLIlzMR0HiSrNoj7V8,3/13/2021,-41,-2,-39,-59,-25,17
PH,Philippines,National Capital Region,,,PH-00,,ChIJbTgmYNLIlzMR0HiSrNoj7V8,3/14/2021,-44,-3,-38,-60,-16,14
PH,Philippines,National Capital Region,,,PH-00,,ChIJbTgmYNLIlzMR0HiSrNoj7V8,3/15/2021,-43,-4,-41,-60,-39,21
PH,Philippines,National Capital Region,,,PH-00,,ChIJbTgmYNLIlzMR0HiSrNoj7V8,3/16/2021,-45,-5,-47,-61,-42,23
PH,Philippines,National Capital Region,,,PH-00,,ChIJbTgmYNLIlzMR0HiSrNoj7V8,3/17/2021,-47,-7,-46,-63,-41,23
PH,Philippines,National Capital Region,,,PH-00,,ChIJbTgmYNLIlzMR0HiSrNoj7V8,3/18/2021,-48,-10,-46,-63,-42,24
PH,Philippines,National Capital Region,,,PH-00,,ChIJbTgmYNLIlzMR0HiSrNoj7V8,3/19/2021,-49,-9,-49,-65,-41,25
PH,Philippines,National Capital Region,,,PH-00,,ChIJbTgmYNLIlzMR0HiSrNoj7V8,3/20/2021,-46,-6,-47,-61,-27,19
PH,Philippines,National Capital Region,,,PH-00,,ChIJbTgmYNLIlzMR0HiSrNoj7V8,3/21/2021,-49,-8,-47,-62,-20,16
PH,Philippines,National Capital Region,,,PH-00,,ChIJbTgmYNLIlzMR0HiSrNoj7V8,3/22/2021,-51,-10,-46,-65,-43,24
PH,Philippines,National Capital Region,,,PH-00,,ChIJbTgmYNLIlzMR0HiSrNoj7V8,3/23/2021,-53,-12,-53,-67,-46,26
PH,Philippines,National Capital Region,,,PH-00,,ChIJbTgmYNLIlzMR0HiSrNoj7V8,3/24/2021,-54,-14,-53,-68,-46,27
PH,Philippines,National Capital Region,,,PH-00,,ChIJbTgmYNLIlzMR0HiSrNoj7V8,3/25/2021,-54,-13,-52,-68,-47,27
PH,Philippines,National Capital Region,,,PH-00,,ChIJbTgmYNLIlzMR0HiSrNoj7V8,3/26/2021,-55,-14,-53,-70,-45,29
PH,Philippines,National Capital Region,,,PH-00,,ChIJbTgmYNLIlzMR0HiSrNoj7V8,3/27/2021,-51,-5,-51,-67,-30,22
PH,Philippines,National Capital Region,,,PH-00,,ChIJbTgmYNLIlzMR0HiSrNoj7V8,3/28/2021,-54,-3,-53,-67,-22,19
PH,Philippines,National Capital Region,,,PH-00,,ChIJbTgmYNLIlzMR0HiSrNoj7V8,3/29/2021,-70,-34,-64,-79,-59,32
PH,Philippines,National Capital Region,,,PH-00,,ChIJbTgmYNLIlzMR0HiSrNoj7V8,3/30/2021,-69,-28,-67,-80,-61,33
PH,Philippines,National Capital Region,,,PH-00,,ChIJbTgmYNLIlzMR0HiSrNoj7V8,3/31/2021,-67,-19,-63,-80,-62,33
PH,Philippines,National Capital Region,,,PH-00,,ChIJbTgmYNLIlzMR0HiSrNoj7V8,4/1/2021,-79,-38,-72,-88,-78,39
PH,Philippines,National Capital Region,,,PH-00,,ChIJbTgmYNLIlzMR0HiSrNoj7V8,4/2/2021,-86,-60,-79,-92,-82,46
PH,Philippines,National Capital Region,,,PH-00,,ChIJbTgmYNLIlzMR0HiSrNoj7V8,4/3/2021,-74,-34,-70,-85,-59,32
PH,Philippines,National Capital Region,,,PH-00,,ChIJbTgmYNLIlzMR0HiSrNoj7V8,4/4/2021,-72,-29,-66,-81,-40,24
PH,Philippines,National Capital Region,,,PH-00,,ChIJbTgmYNLIlzMR0HiSrNoj7V8,4/5/2021,-64,-22,-59,-76,-55,30
PH,Philippines,National Capital Region,,,PH-00,,ChIJbTgmYNLIlzMR0HiSrNoj7V8,4/6/2021,-65,-22,-62,-76,-57,31
PH,Philippines,National Capital Region,,,PH-00,,ChIJbTgmYNLIlzMR0HiSrNoj7V8,4/7/2021,-66,-23,-61,-77,-57,32
PH,Philippines,National Capital Region,,,PH-00,,ChIJbTgmYNLIlzMR0HiSrNoj7V8,4/8/2021,-65,-22,-59,-76,-56,31
PH,Philippines,National Capital Region,,,PH-00,,ChIJbTgmYNLIlzMR0HiSrNoj7V8,4/9/2021,-71,-27,-66,-83,-69,38
PH,Philippines,National Capital Region,,,PH-00,,ChIJbTgmYNLIlzMR0HiSrNoj7V8,4/10/2021,-66,-23,-61,-78,-44,27
PH,Philippines,National Capital Region,,,PH-00,,ChIJbTgmYNLIlzMR0HiSrNoj7V8,4/11/2021,-69,-24,-61,-77,-37,23
PH,Philippines,National Capital Region,,,PH-00,,ChIJbTgmYNLIlzMR0HiSrNoj7V8,4/12/2021,-56,-15,-52,-70,-49,27
PH,Philippines,National Capital Region,,,PH-00,,ChIJbTgmYNLIlzMR0HiSrNoj7V8,4/13/2021,-56,-14,-56,-70,-50,28
PH,Philippines,National Capital Region,,,PH-00,,ChIJbTgmYNLIlzMR0HiSrNoj7V8,4/14/2021,-56,-13,-54,-71,-50,28
PH,Philippines,National Capital Region,,,PH-00,,ChIJbTgmYNLIlzMR0HiSrNoj7V8,4/15/2021,-54,-7,-53,-69,-49,28
PH,Philippines,National Capital Region,,,PH-00,,ChIJbTgmYNLIlzMR0HiSrNoj7V8,4/16/2021,-55,-9,-54,-71,-48,30
PH,Philippines,National Capital Region,,,PH-00,,ChIJbTgmYNLIlzMR0HiSrNoj7V8,4/17/2021,-52,-6,-51,-69,-33,23
PH,Philippines,National Capital Region,,,PH-00,,ChIJbTgmYNLIlzMR0HiSrNoj7V8,4/18/2021,-55,-7,-50,-69,-26,19
PH,Philippines,National Capital Region,,,PH-00,,ChIJbTgmYNLIlzMR0HiSrNoj7V8,4/19/2021,-52,-10,-49,-68,-47,26
PH,Philippines,National Capital Region,,,PH-00,,ChIJbTgmYNLIlzMR0HiSrNoj7V8,4/20/2021,-53,-9,-52,-68,-49,27
PH,Philippines,National Capital Region,,,PH-00,,ChIJbTgmYNLIlzMR0HiSrNoj7V8,4/21/2021,-54,-9,-52,-69,-48,28
PH,Philippines,National Capital Region,,,PH-00,,ChIJbTgmYNLIlzMR0HiSrNoj7V8,4/22/2021,-55,-12,-52,-69,-48,28
PH,Philippines,National Capital Region,,,PH-00,,ChIJbTgmYNLIlzMR0HiSrNoj7V8,4/23/2021,-56,-13,-53,-71,-46,29
PH,Philippines,National Capital Region,,,PH-00,,ChIJbTgmYNLIlzMR0HiSrNoj7V8,4/24/2021,-51,-6,-48,-67,-31,22
PH,Philippines,National Capital Region,,,PH-00,,ChIJbTgmYNLIlzMR0HiSrNoj7V8,4/25/2021,-54,-7,-47,-67,-25,18
PH,Philippines,National Capital Region,,,PH-00,,ChIJbTgmYNLIlzMR0HiSrNoj7V8,4/26/2021,-53,-11,-48,-68,-46,25
PH,Philippines,National Capital Region,,,PH-00,,ChIJbTgmYNLIlzMR0HiSrNoj7V8,4/27/2021,-53,-9,-51,-68,-47,27
PH,Philippines,National Capital Region,,,PH-00,,ChIJbTgmYNLIlzMR0HiSrNoj7V8,4/28/2021,-53,-10,-52,-69,-47,27
PH,Philippines,National Capital Region,,,PH-00,,ChIJbTgmYNLIlzMR0HiSrNoj7V8,4/29/2021,-53,-9,-51,-68,-47,27
PH,Philippines,National Capital Region,,,PH-00,,ChIJbTgmYNLIlzMR0HiSrNoj7V8,4/30/2021,-50,-2,-49,-67,-44,27
PH,Philippines,National Capital Region,,,PH-00,,ChIJbTgmYNLIlzMR0HiSrNoj7V8,5/1/2021,-47,1,-47,-66,-41,22
PH,Philippines,National Capital Region,,,PH-00,,ChIJbTgmYNLIlzMR0HiSrNoj7V8,5/2/2021,-49,-2,-46,-64,-22,17
PH,Philippines,National Capital Region,,,PH-00,,ChIJbTgmYNLIlzMR0HiSrNoj7V8,5/3/2021,-47,-3,-45,-64,-44,24
PH,Philippines,National Capital Region,,,PH-00,,ChIJbTgmYNLIlzMR0HiSrNoj7V8,5/4/2021,-48,-5,-51,-65,-46,25
PH,Philippines,National Capital Region,,,PH-00,,ChIJbTgmYNLIlzMR0HiSrNoj7V8,5/5/2021,-49,-5,-49,-65,-45,25
PH,Philippines,National Capital Region,,,PH-00,,ChIJbTgmYNLIlzMR0HiSrNoj7V8,5/6/2021,-49,-6,-48,-65,-45,26
PH,Philippines,National Capital Region,,,PH-00,,ChIJbTgmYNLIlzMR0HiSrNoj7V8,5/7/2021,-50,-7,-50,-67,-43,27
PH,Philippines,National Capital Region,,,PH-00,,ChIJbTgmYNLIlzMR0HiSrNoj7V8,5/8/2021,-44,-1,-44,-62,-26,19
PH,Philippines,National Capital Region,,,PH-00,,ChIJbTgmYNLIlzMR0HiSrNoj7V8,5/9/2021,-41,4,-37,-61,-17,15
PH,Philippines,National Capital Region,,,PH-00,,ChIJbTgmYNLIlzMR0HiSrNoj7V8,5/10/2021,-46,-5,-45,-64,-43,23
PH,Philippines,National Capital Region,,,PH-00,,ChIJbTgmYNLIlzMR0HiSrNoj7V8,5/11/2021,-48,-4,-48,-64,-44,25
PH,Philippines,National Capital Region,,,PH-00,,ChIJbTgmYNLIlzMR0HiSrNoj7V8,5/12/2021,-47,-1,-43,-63,-44,24
PH,Philippines,National Capital Region,,,PH-00,,ChIJbTgmYNLIlzMR0HiSrNoj7V8,5/13/2021,-49,-5,-48,-71,-63,30
PH,Philippines,National Capital Region,,,PH-00,,ChIJbTgmYNLIlzMR0HiSrNoj7V8,5/14/2021,-46,0,-45,-64,-42,26
PH,Philippines,National Capital Region,,,PH-00,,ChIJbTgmYNLIlzMR0HiSrNoj7V8,5/15/2021,-40,7,-40,-59,-28,19
PH,Philippines,National Capital Region,,,PH-00,,ChIJbTgmYNLIlzMR0HiSrNoj7V8,5/16/2021,-43,3,-39,-58,-17,15
PH,Philippines,National Capital Region,,,PH-00,,ChIJbTgmYNLIlzMR0HiSrNoj7V8,5/17/2021,-42,3,-39,-60,-41,22
PH,Philippines,National Capital Region,,,PH-00,,ChIJbTgmYNLIlzMR0HiSrNoj7V8,5/18/2021,-43,3,-43,-60,-42,23
PH,Philippines,National Capital Region,,,PH-00,,ChIJbTgmYNLIlzMR0HiSrNoj7V8,5/19/2021,-44,2,-42,-62,-41,24
PH,Philippines,National Capital Region,,,PH-00,,ChIJbTgmYNLIlzMR0HiSrNoj7V8,5/20/2021,-44,1,-39,-63,-41,24
PH,Philippines,National Capital Region,,,PH-00,,ChIJbTgmYNLIlzMR0HiSrNoj7V8,5/21/2021,-45,0,-41,-64,-39,25
PH,Philippines,National Capital Region,,,PH-00,,ChIJbTgmYNLIlzMR0HiSrNoj7V8,5/22/2021,-40,4,-37,-58,-23,18
PH,Philippines,National Capital Region,,,PH-00,,ChIJbTgmYNLIlzMR0HiSrNoj7V8,5/23/2021,-43,2,-36,-59,-15,15
PH,Philippines,National Capital Region,,,PH-00,,ChIJbTgmYNLIlzMR0HiSrNoj7V8,5/24/2021,-42,1,-35,-60,-39,22
PH,Philippines,National Capital Region,,,PH-00,,ChIJbTgmYNLIlzMR0HiSrNoj7V8,5/25/2021,-41,5,-40,-60,-40,23
PH,Philippines,National Capital Region,,,PH-00,,ChIJbTgmYNLIlzMR0HiSrNoj7V8,5/26/2021,-43,4,-40,-61,-40,23
PH,Philippines,National Capital Region,,,PH-00,,ChIJbTgmYNLIlzMR0HiSrNoj7V8,5/27/2021,-42,3,-40,-62,-40,23
PH,Philippines,National Capital Region,,,PH-00,,ChIJbTgmYNLIlzMR0HiSrNoj7V8,5/28/2021,-41,4,-40,-63,-38,24
PH,Philippines,National Capital Region,,,PH-00,,ChIJbTgmYNLIlzMR0HiSrNoj7V8,5/29/2021,-35,13,-35,-56,-22,17
PH,Philippines,National Capital Region,,,PH-00,,ChIJbTgmYNLIlzMR0HiSrNoj7V8,5/30/2021,-39,7,-38,-57,-16,14
PH,Philippines,National Capital Region,,,PH-00,,ChIJbTgmYNLIlzMR0HiSrNoj7V8,5/31/2021,-35,11,-34,-58,-38,21
PH,Philippines,National Capital Region,,,PH-00,,ChIJbTgmYNLIlzMR0HiSrNoj7V8,6/1/2021,-38,12,-40,-58,-40,22
PH,Philippines,National Capital Region,,,PH-00,,ChIJbTgmYNLIlzMR0HiSrNoj7V8,6/2/2021,-45,-1,-47,-61,-41,24
PH,Philippines,National Capital Region,,,PH-00,,ChIJbTgmYNLIlzMR0HiSrNoj7V8,6/3/2021,-41,6,-41,-61,-40,24
PH,Philippines,National Capital Region,,,PH-00,,ChIJbTgmYNLIlzMR0HiSrNoj7V8,6/4/2021,-41,4,-41,-62,-37,25
PH,Philippines,National Capital Region,,,PH-00,,ChIJbTgmYNLIlzMR0HiSrNoj7V8,6/5/2021,-35,11,-36,-56,-21,18
PH,Philippines,National Capital Region,,,PH-00,,ChIJbTgmYNLIlzMR0HiSrNoj7V8,6/6/2021,-38,8,-34,-57,-14,14
PH,Philippines,National Capital Region,,,PH-00,,ChIJbTgmYNLIlzMR0HiSrNoj7V8,6/7/2021,-39,4,-35,-58,-38,21
PH,Philippines,National Capital Region,,,PH-00,,ChIJbTgmYNLIlzMR0HiSrNoj7V8,6/8/2021,-41,2,-44,-59,-39,23
PH,Philippines,National Capital Region,,,PH-00,,ChIJbTgmYNLIlzMR0HiSrNoj7V8,6/9/2021,-43,0,-44,-61,-39,24
PH,Philippines,National Capital Region,,,PH-00,,ChIJbTgmYNLIlzMR0HiSrNoj7V8,6/10/2021,-39,7,-37,-59,-38,23
PH,Philippines,National Capital Region,,,PH-00,,ChIJbTgmYNLIlzMR0HiSrNoj7V8,6/11/2021,-41,5,-40,-60,-37,24
PH,Philippines,National Capital Region,,,PH-00,,ChIJbTgmYNLIlzMR0HiSrNoj7V8,6/12/2021,-38,8,-35,-60,-36,19
PH,Philippines,National Capital Region,,,PH-00,,ChIJbTgmYNLIlzMR0HiSrNoj7V8,6/13/2021,-40,5,-35,-58,-15,14
PH,Philippines,National Capital Region,,,PH-00,,ChIJbTgmYNLIlzMR0HiSrNoj7V8,6/14/2021,-35,9,-32,-57,-37,20
PH,Philippines,National Capital Region,,,PH-00,,ChIJbTgmYNLIlzMR0HiSrNoj7V8,6/15/2021,-34,16,-37,-57,-38,21
PH,Philippines,National Capital Region,,,PH-00,,ChIJbTgmYNLIlzMR0HiSrNoj7V8,6/16/2021,-35,16,-35,-58,-39,21
PH,Philippines,National Capital Region,,,PH-00,,ChIJbTgmYNLIlzMR0HiSrNoj7V8,6/17/2021,-36,11,-36,-59,-39,21
PH,Philippines,National Capital Region,,,PH-00,,ChIJbTgmYNLIlzMR0HiSrNoj7V8,6/18/2021,-37,8,-38,-61,-37,22
PH,Philippines,National Capital Region,,,PH-00,,ChIJbTgmYNLIlzMR0HiSrNoj7V8,6/19/2021,-32,13,-31,-55,-22,15
PH,Philippines,National Capital Region,,,PH-00,,ChIJbTgmYNLIlzMR0HiSrNoj7V8,6/20/2021,-36,10,-28,-56,-16,12
PH,Philippines,National Capital Region,,,PH-00,,ChIJbTgmYNLIlzMR0HiSrNoj7V8,6/21/2021,-39,3,-38,-60,-40,20
PH,Philippines,National Capital Region,,,PH-00,,ChIJbTgmYNLIlzMR0HiSrNoj7V8,6/22/2021,-38,7,-40,-59,-40,22
PH,Philippines,National Capital Region,,,PH-00,,ChIJbTgmYNLIlzMR0HiSrNoj7V8,6/23/2021,-39,7,-39,-61,-40,22
PH,Philippines,National Capital Region,,,PH-00,,ChIJbTgmYNLIlzMR0HiSrNoj7V8,6/24/2021,-40,4,-41,-62,-42,23
PH,Philippines,National Capital Region,,,PH-00,,ChIJbTgmYNLIlzMR0HiSrNoj7V8,6/25/2021,-40,6,-41,-62,-37,24
PH,Philippines,National Capital Region,,,PH-00,,ChIJbTgmYNLIlzMR0HiSrNoj7V8,6/26/2021,-35,11,-35,-56,-23,17
PH,Philippines,National Capital Region,,,PH-00,,ChIJbTgmYNLIlzMR0HiSrNoj7V8,6/27/2021,-40,5,-36,-58,-16,14
PH,Philippines,National Capital Region,,,PH-00,,ChIJbTgmYNLIlzMR0HiSrNoj7V8,6/28/2021,-38,4,-38,-59,-38,20
PH,Philippines,National Capital Region,,,PH-00,,ChIJbTgmYNLIlzMR0HiSrNoj7V8,6/29/2021,-38,10,-40,-59,-39,21
PH,Philippines,National Capital Region,,,PH-00,,ChIJbTgmYNLIlzMR0HiSrNoj7V8,6/30/2021,-36,14,-38,-59,-39,20
PH,Philippines,National Capital Region,,,PH-00,,ChIJbTgmYNLIlzMR0HiSrNoj7V8,7/1/2021,-36,12,-38,-58,-39,22
PH,Philippines,National Capital Region,,,PH-00,,ChIJbTgmYNLIlzMR0HiSrNoj7V8,7/2/2021,-38,9,-39,-62,-38,24
PH,Philippines,National Capital Region,,,PH-00,,ChIJbTgmYNLIlzMR0HiSrNoj7V8,7/3/2021,-36,7,-41,-56,-23,18
PH,Philippines,National Capital Region,,,PH-00,,ChIJbTgmYNLIlzMR0HiSrNoj7V8,7/4/2021,-38,5,-41,-57,-17,15
PH,Philippines,National Capital Region,,,PH-00,,ChIJbTgmYNLIlzMR0HiSrNoj7V8,7/5/2021,-36,7,-38,-57,-37,21
PH,Philippines,National Capital Region,,,PH-00,,ChIJbTgmYNLIlzMR0HiSrNoj7V8,7/6/2021,-40,4,-45,-58,-38,23
PH,Philippines,National Capital Region,,,PH-00,,ChIJbTgmYNLIlzMR0HiSrNoj7V8,7/7/2021,-37,16,-37,-59,-37,22
PH,Philippines,National Capital Region,,,PH-00,,ChIJbTgmYNLIlzMR0HiSrNoj7V8,7/8/2021,-37,11,-36,-58,-37,22
PH,Philippines,National Capital Region,,,PH-00,,ChIJbTgmYNLIlzMR0HiSrNoj7V8,7/9/2021,-38,11,-38,-62,-35,24
PH,Philippines,National Capital Region,,,PH-00,,ChIJbTgmYNLIlzMR0HiSrNoj7V8,7/10/2021,-33,13,-35,-55,-20,17
PH,Philippines,National Capital Region,,,PH-00,,ChIJbTgmYNLIlzMR0HiSrNoj7V8,7/11/2021,-35,19,-27,-55,-13,14
PH,Philippines,National Capital Region,,,PH-00,,ChIJbTgmYNLIlzMR0HiSrNoj7V8,7/12/2021,-35,10,-32,-57,-36,20
PH,Philippines,National Capital Region,,,PH-00,,ChIJbTgmYNLIlzMR0HiSrNoj7V8,7/13/2021,-36,11,-38,-58,-38,22
PH,Philippines,National Capital Region,,,PH-00,,ChIJbTgmYNLIlzMR0HiSrNoj7V8,7/14/2021,-37,10,-38,-58,-37,22
PH,Philippines,National Capital Region,,,PH-00,,ChIJbTgmYNLIlzMR0HiSrNoj7V8,7/15/2021,-33,17,-36,-56,-36,22
PH,Philippines,National Capital Region,,,PH-00,,ChIJbTgmYNLIlzMR0HiSrNoj7V8,7/16/2021,-34,16,-35,-58,-35,23
PH,Philippines,National Capital Region,,,PH-00,,ChIJbTgmYNLIlzMR0HiSrNoj7V8,7/17/2021,-30,16,-32,-52,-21,16
PH,Philippines,National Capital Region,,,PH-00,,ChIJbTgmYNLIlzMR0HiSrNoj7V8,7/18/2021,-34,12,-26,-53,-13,13
PH,Philippines,National Capital Region,,,PH-00,,ChIJbTgmYNLIlzMR0HiSrNoj7V8,7/19/2021,-35,6,-38,-56,-37,20
PH,Philippines,National Capital Region,,,PH-00,,ChIJbTgmYNLIlzMR0HiSrNoj7V8,7/20/2021,-41,3,-50,-67,-62,28
PH,Philippines,National Capital Region,,,PH-00,,ChIJbTgmYNLIlzMR0HiSrNoj7V8,7/21/2021,-48,-9,-51,-60,-41,25
PH,Philippines,National Capital Region,,,PH-00,,ChIJbTgmYNLIlzMR0HiSrNoj7V8,7/22/2021,-44,-5,-50,-59,-39,24
PH,Philippines,National Capital Region,,,PH-00,,ChIJbTgmYNLIlzMR0HiSrNoj7V8,7/23/2021,-44,-1,-51,-62,-37,25
PH,Philippines,National Capital Region,,,PH-00,,ChIJbTgmYNLIlzMR0HiSrNoj7V8,7/24/2021,-52,-10,-60,-65,-32,24
PH,Philippines,National Capital Region,,,PH-00,,ChIJbTgmYNLIlzMR0HiSrNoj7V8,7/25/2021,-50,-7,-60,-64,-23,20
PH,Philippines,National Capital Region,,,PH-00,,ChIJbTgmYNLIlzMR0HiSrNoj7V8,7/26/2021,-35,12,-39,-57,-36,21
PH,Philippines,National Capital Region,,,PH-00,,ChIJbTgmYNLIlzMR0HiSrNoj7V8,7/27/2021,-38,7,-47,-56,-38,22
PH,Philippines,National Capital Region,,,PH-00,,ChIJbTgmYNLIlzMR0HiSrNoj7V8,7/28/2021,-42,2,-48,-59,-39,24
PH,Philippines,National Capital Region,,,PH-00,,ChIJbTgmYNLIlzMR0HiSrNoj7V8,7/29/2021,-38,8,-47,-58,-38,23
PH,Philippines,National Capital Region,,,PH-00,,ChIJbTgmYNLIlzMR0HiSrNoj7V8,7/30/2021,-33,18,-40,-58,-34,23
PH,Philippines,National Capital Region,,,PH-00,,ChIJbTgmYNLIlzMR0HiSrNoj7V8,7/31/2021,-31,27,-36,-51,-20,17
PH,Philippines,National Capital Region,,,PH-00,,ChIJbTgmYNLIlzMR0HiSrNoj7V8,8/1/2021,-40,18,-40,-56,-15,16
PH,Philippines,National Capital Region,,,PH-00,,ChIJbTgmYNLIlzMR0HiSrNoj7V8,8/2/2021,-36,16,-37,-57,-36,21
PH,Philippines,National Capital Region,,,PH-00,,ChIJbTgmYNLIlzMR0HiSrNoj7V8,8/3/2021,-38,17,-43,-57,-38,22
PH,Philippines,National Capital Region,,,PH-00,,ChIJbTgmYNLIlzMR0HiSrNoj7V8,8/4/2021,-37,21,-38,-56,-38,22
PH,Philippines,National Capital Region,,,PH-00,,ChIJbTgmYNLIlzMR0HiSrNoj7V8,8/5/2021,-32,32,-34,-51,-38,20
PH,Philippines,National Capital Region,,,PH-00,,ChIJbTgmYNLIlzMR0HiSrNoj7V8,8/6/2021,-63,-17,-59,-76,-49,34
PH,Philippines,National Capital Region,,,PH-00,,ChIJbTgmYNLIlzMR0HiSrNoj7V8,8/7/2021,-62,-15,-59,-75,-36,28
PH,Philippines,National Capital Region,,,PH-00,,ChIJbTgmYNLIlzMR0HiSrNoj7V8,8/8/2021,-66,-19,-61,-76,-30,24
PH,Philippines,National Capital Region,,,PH-00,,ChIJbTgmYNLIlzMR0HiSrNoj7V8,8/9/2021,-58,-14,-53,-73,-49,29
PH,Philippines,National Capital Region,,,PH-00,,ChIJbTgmYNLIlzMR0HiSrNoj7V8,8/10/2021,-58,-9,-56,-72,-50,30
PH,Philippines,National Capital Region,,,PH-00,,ChIJbTgmYNLIlzMR0HiSrNoj7V8,8/11/2021,-58,-8,-55,-73,-50,30
PH,Philippines,National Capital Region,,,PH-00,,ChIJbTgmYNLIlzMR0HiSrNoj7V8,8/12/2021,-58,-8,-54,-73,-50,30
PH,Philippines,National Capital Region,,,PH-00,,ChIJbTgmYNLIlzMR0HiSrNoj7V8,8/13/2021,-59,-9,-56,-74,-48,32
PH,Philippines,National Capital Region,,,PH-00,,ChIJbTgmYNLIlzMR0HiSrNoj7V8,8/14/2021,-56,-1,-54,-70,-35,26
PH,Philippines,National Capital Region,,,PH-00,,ChIJbTgmYNLIlzMR0HiSrNoj7V8,8/15/2021,-61,-7,-58,-73,-29,23
PH,Philippines,National Capital Region,,,PH-00,,ChIJbTgmYNLIlzMR0HiSrNoj7V8,8/16/2021,-54,-2,-47,-71,-48,28
PH,Philippines,National Capital Region,,,PH-00,,ChIJbTgmYNLIlzMR0HiSrNoj7V8,8/17/2021,-57,-5,-53,-70,-50,29
PH,Philippines,National Capital Region,,,PH-00,,ChIJbTgmYNLIlzMR0HiSrNoj7V8,8/18/2021,-58,-10,-53,-71,-49,30
PH,Philippines,National Capital Region,,,PH-00,,ChIJbTgmYNLIlzMR0HiSrNoj7V8,8/19/2021,-57,-7,-51,-72,-52,30
PH,Philippines,National Capital Region,,,PH-00,,ChIJbTgmYNLIlzMR0HiSrNoj7V8,8/20/2021,-58,-8,-53,-72,-47,31
PH,Philippines,National Capital Region,,,PH-00,,ChIJbTgmYNLIlzMR0HiSrNoj7V8,8/21/2021,-51,-1,-50,-67,-39,25
PH,Philippines,National Capital Region,,,PH-00,,ChIJbTgmYNLIlzMR0HiSrNoj7V8,8/22/2021,-54,-5,-51,-67,-23,21
PH,Philippines,National Capital Region,,,PH-00,,ChIJbTgmYNLIlzMR0HiSrNoj7V8,8/23/2021,-46,1,-41,-64,-42,25
PH,Philippines,National Capital Region,,,PH-00,,ChIJbTgmYNLIlzMR0HiSrNoj7V8,8/24/2021,-50,-4,-50,-64,-44,27
PH,Philippines,National Capital Region,,,PH-00,,ChIJbTgmYNLIlzMR0HiSrNoj7V8,8/25/2021,-48,2,-46,-64,-44,27
PH,Philippines,National Capital Region,,,PH-00,,ChIJbTgmYNLIlzMR0HiSrNoj7V8,8/26/2021,-48,2,-46,-64,-44,27
PH,Philippines,National Capital Region,,,PH-00,,ChIJbTgmYNLIlzMR0HiSrNoj7V8,8/27/2021,-50,0,-47,-66,-42,29
PH,Philippines,National Capital Region,,,PH-00,,ChIJbTgmYNLIlzMR0HiSrNoj7V8,8/28/2021,-46,6,-46,-62,-27,22
PH,Philippines,National Capital Region,,,PH-00,,ChIJbTgmYNLIlzMR0HiSrNoj7V8,8/29/2021,-52,-2,-50,-65,-23,20
PH,Philippines,National Capital Region,,,PH-00,,ChIJbTgmYNLIlzMR0HiSrNoj7V8,8/30/2021,-52,-6,-51,-73,-66,31
PH,Philippines,National Capital Region,,,PH-00,,ChIJbTgmYNLIlzMR0HiSrNoj7V8,8/31/2021,-45,8,-46,-62,-42,25
PH,Philippines,National Capital Region,,,PH-00,,ChIJbTgmYNLIlzMR0HiSrNoj7V8,9/1/2021,-48,6,-45,-64,-44,26
PH,Philippines,National Capital Region,,,PH-00,,ChIJbTgmYNLIlzMR0HiSrNoj7V8,9/2/2021,-47,4,-46,-64,-44,27
PH,Philippines,National Capital Region,,,PH-00,,ChIJbTgmYNLIlzMR0HiSrNoj7V8,9/3/2021,-49,2,-48,-67,-41,28
PH,Philippines,National Capital Region,,,PH-00,,ChIJbTgmYNLIlzMR0HiSrNoj7V8,9/4/2021,-45,7,-45,-63,-27,22
PH,Philippines,National Capital Region,,,PH-00,,ChIJbTgmYNLIlzMR0HiSrNoj7V8,9/5/2021,-50,0,-48,-64,-23,19
PH,Philippines,National Capital Region,,,PH-00,,ChIJbTgmYNLIlzMR0HiSrNoj7V8,9/6/2021,-45,1,-44,-63,-43,25
PH,Philippines,National Capital Region,,,PH-00,,ChIJbTgmYNLIlzMR0HiSrNoj7V8,9/7/2021,-47,4,-50,-64,-44,26
PH,Philippines,National Capital Region,,,PH-00,,ChIJbTgmYNLIlzMR0HiSrNoj7V8,9/8/2021,-58,-16,-60,-70,-48,30
PH,Philippines,National Capital Region,,,PH-00,,ChIJbTgmYNLIlzMR0HiSrNoj7V8,9/9/2021,-46,5,-45,-64,-43,26
PH,Philippines,National Capital Region,,,PH-00,,ChIJbTgmYNLIlzMR0HiSrNoj7V8,9/10/2021,-48,2,-46,-66,-41,28
PH,Philippines,National Capital Region,,,PH-00,,ChIJbTgmYNLIlzMR0HiSrNoj7V8,9/11/2021,-48,1,-51,-64,-28,23
PH,Philippines,National Capital Region,,,PH-00,,ChIJbTgmYNLIlzMR0HiSrNoj7V8,9/12/2021,-50,3,-49,-65,-21,20
PH,Philippines,National Capital Region,,,PH-00,,ChIJbTgmYNLIlzMR0HiSrNoj7V8,9/13/2021,-44,4,-40,-63,-43,25
PH,Philippines,National Capital Region,,,PH-00,,ChIJbTgmYNLIlzMR0HiSrNoj7V8,9/14/2021,-45,4,-46,-63,-44,26
PH,Philippines,National Capital Region,,,PH-00,,ChIJbTgmYNLIlzMR0HiSrNoj7V8,9/15/2021,-44,12,-42,-62,-43,25
PH,Philippines,National Capital Region,,,PH-00,,ChIJbTgmYNLIlzMR0HiSrNoj7V8,9/16/2021,-43,8,-43,-63,-44,26
PH,Philippines,National Capital Region,,,PH-00,,ChIJbTgmYNLIlzMR0HiSrNoj7V8,9/17/2021,-43,8,-43,-65,-42,27
PH,Philippines,National Capital Region,,,PH-00,,ChIJbTgmYNLIlzMR0HiSrNoj7V8,9/18/2021,-38,14,-39,-59,-26,20
PH,Philippines,National Capital Region,,,PH-00,,ChIJbTgmYNLIlzMR0HiSrNoj7V8,9/19/2021,-45,5,-44,-62,-21,18
PH,Philippines,National Capital Region,,,PH-00,,ChIJbTgmYNLIlzMR0HiSrNoj7V8,9/20/2021,-40,7,-38,-60,-42,24
PH,Philippines,National Capital Region,,,PH-00,,ChIJbTgmYNLIlzMR0HiSrNoj7V8,9/21/2021,-40,11,-41,-61,-43,25
PH,Philippines,National Capital Region,,,PH-00,,ChIJbTgmYNLIlzMR0HiSrNoj7V8,9/22/2021,-41,9,-39,-62,-41,25
PH,Philippines,National Capital Region,,,PH-00,,ChIJbTgmYNLIlzMR0HiSrNoj7V8,9/23/2021,-42,5,-40,-62,-42,25
PH,Philippines,National Capital Region,,,PH-00,,ChIJbTgmYNLIlzMR0HiSrNoj7V8,9/24/2021,-42,6,-41,-64,-40,27
PH,Philippines,National Capital Region,,,PH-00,,ChIJbTgmYNLIlzMR0HiSrNoj7V8,9/25/2021,-37,12,-36,-57,-24,19
PH,Philippines,National Capital Region,,,PH-00,,ChIJbTgmYNLIlzMR0HiSrNoj7V8,9/26/2021,-41,9,-35,-60,-18,16
PH,Philippines,National Capital Region,,,PH-00,,ChIJbTgmYNLIlzMR0HiSrNoj7V8,9/27/2021,-39,6,-36,-60,-41,23
PH,Philippines,National Capital Region,,,PH-00,,ChIJbTgmYNLIlzMR0HiSrNoj7V8,9/28/2021,-40,6,-42,-61,-41,24
PH,Philippines,National Capital Region,,,PH-00,,ChIJbTgmYNLIlzMR0HiSrNoj7V8,9/29/2021,-40,9,-38,-61,-41,24
PH,Philippines,National Capital Region,,,PH-00,,ChIJbTgmYNLIlzMR0HiSrNoj7V8,9/30/2021,-38,15,-38,-59,-40,24
PH,Philippines,National Capital Region,,,PH-00,,ChIJbTgmYNLIlzMR0HiSrNoj7V8,10/1/2021,-38,16,-38,-62,-38,25
PH,Philippines,National Capital Region,,,PH-00,,ChIJbTgmYNLIlzMR0HiSrNoj7V8,10/2/2021,-34,18,-35,-56,-23,19
PH,Philippines,National Capital Region,,,PH-00,,ChIJbTgmYNLIlzMR0HiSrNoj7V8,10/3/2021,-37,15,-33,-56,-17,16
PH,Philippines,National Capital Region,,,PH-00,,ChIJbTgmYNLIlzMR0HiSrNoj7V8,10/4/2021,-38,9,-38,-58,-40,23
PH,Philippines,National Capital Region,,,PH-00,,ChIJbTgmYNLIlzMR0HiSrNoj7V8,10/5/2021,-41,6,-47,-60,-41,24
PH,Philippines,National Capital Region,,,PH-00,,ChIJbTgmYNLIlzMR0HiSrNoj7V8,10/6/2021,-39,11,-40,-60,-40,24
PH,Philippines,National Capital Region,,,PH-00,,ChIJbTgmYNLIlzMR0HiSrNoj7V8,10/7/2021,-38,10,-38,-59,-39,24
PH,Philippines,National Capital Region,,,PH-00,,ChIJbTgmYNLIlzMR0HiSrNoj7V8,10/8/2021,-39,10,-38,-61,-37,25
PH,Philippines,National Capital Region,,,PH-00,,ChIJbTgmYNLIlzMR0HiSrNoj7V8,10/9/2021,-33,17,-32,-55,-22,18
PH,Philippines,National Capital Region,,,PH-00,,ChIJbTgmYNLIlzMR0HiSrNoj7V8,10/10/2021,-36,13,-32,-56,-15,15
PH,Philippines,National Capital Region,,,PH-00,,ChIJbTgmYNLIlzMR0HiSrNoj7V8,10/11/2021,-37,9,-36,-58,-38,22
PH,Philippines,National Capital Region,,,PH-00,,ChIJbTgmYNLIlzMR0HiSrNoj7V8,10/12/2021,-41,5,-45,-60,-40,24
PH,Philippines,National Capital Region,,,PH-00,,ChIJbTgmYNLIlzMR0HiSrNoj7V8,10/13/2021,-39,9,-41,-59,-38,24
PH,Philippines,National Capital Region,,,PH-00,,ChIJbTgmYNLIlzMR0HiSrNoj7V8,10/14/2021,-38,8,-40,-59,-38,24
PH,Philippines,National Capital Region,,,PH-00,,ChIJbTgmYNLIlzMR0HiSrNoj7V8,10/15/2021,-35,15,-38,-59,-36,24
PH,Philippines,National Capital Region,,,PH-00,,ChIJbTgmYNLIlzMR0HiSrNoj7V8,10/16/2021,-27,26,-28,-51,-21,17
PH,Philippines,National Capital Region,,,PH-00,,ChIJbTgmYNLIlzMR0HiSrNoj7V8,10/17/2021,-30,22,-17,-52,-14,14
PH,Philippines,National Capital Region,,,PH-00,,ChIJbTgmYNLIlzMR0HiSrNoj7V8,10/18/2021,-32,15,-31,-55,-37,21
PH,Philippines,National Capital Region,,,PH-00,,ChIJbTgmYNLIlzMR0HiSrNoj7V8,10/19/2021,-33,15,-33,-56,-38,22
PH,Philippines,National Capital Region,,,PH-00,,ChIJbTgmYNLIlzMR0HiSrNoj7V8,10/20/2021,-34,14,-33,-57,-38,23
PH,Philippines,National Capital Region,,,PH-00,,ChIJbTgmYNLIlzMR0HiSrNoj7V8,10/21/2021,-34,14,-31,-56,-37,23
PH,Philippines,National Capital Region,,,PH-00,,ChIJbTgmYNLIlzMR0HiSrNoj7V8,10/22/2021,-33,15,-28,-58,-35,24
PH,Philippines,National Capital Region,,,PH-00,,ChIJbTgmYNLIlzMR0HiSrNoj7V8,10/23/2021,-29,18,-21,-51,-20,16
PH,Philippines,National Capital Region,,,PH-00,,ChIJbTgmYNLIlzMR0HiSrNoj7V8,10/24/2021,-33,14,-14,-52,-15,14
PH,Philippines,National Capital Region,,,PH-00,,ChIJbTgmYNLIlzMR0HiSrNoj7V8,10/25/2021,-33,13,-30,-55,-37,21
PH,Philippines,National Capital Region,,,PH-00,,ChIJbTgmYNLIlzMR0HiSrNoj7V8,10/26/2021,-32,18,-29,-54,-37,22
PH,Philippines,National Capital Region,,,PH-00,,ChIJbTgmYNLIlzMR0HiSrNoj7V8,10/27/2021,-32,18,-21,-54,-36,22
PH,Philippines,National Capital Region,,,PH-00,,ChIJbTgmYNLIlzMR0HiSrNoj7V8,10/28/2021,-31,18,-21,-54,-36,22
PH,Philippines,National Capital Region,,,PH-00,,ChIJbTgmYNLIlzMR0HiSrNoj7V8,10/29/2021,-28,24,-28,-53,-34,22
PH,Philippines,National Capital Region,,,PH-00,,ChIJbTgmYNLIlzMR0HiSrNoj7V8,10/30/2021,-22,31,-19,-45,-19,14
PH,Philippines,National Capital Region,,,PH-00,,ChIJbTgmYNLIlzMR0HiSrNoj7V8,10/31/2021,-26,25,-12,-48,-12,11
PH,Philippines,National Capital Region,,,PH-00,,ChIJbTgmYNLIlzMR0HiSrNoj7V8,11/1/2021,-41,5,-34,-69,-69,26
PH,Philippines,National Capital Region,,,PH-00,,ChIJbTgmYNLIlzMR0HiSrNoj7V8,11/2/2021,-33,16,-35,-55,-40,21
PH,Philippines,National Capital Region,,,PH-00,,ChIJbTgmYNLIlzMR0HiSrNoj7V8,11/3/2021,-31,20,-27,-52,-36,21
PH,Philippines,National Capital Region,,,PH-00,,ChIJbTgmYNLIlzMR0HiSrNoj7V8,11/4/2021,-31,17,-23,-53,-35,21
PH,Philippines,National Capital Region,,,PH-00,,ChIJbTgmYNLIlzMR0HiSrNoj7V8,11/5/2021,-30,18,-26,-56,-33,22
PH,Philippines,National Capital Region,,,PH-00,,ChIJbTgmYNLIlzMR0HiSrNoj7V8,11/6/2021,-20,26,-12,-48,-17,15
PH,Philippines,National Capital Region,,,PH-00,,ChIJbTgmYNLIlzMR0HiSrNoj7V8,11/7/2021,-22,23,0,-48,-11,12
PH,Philippines,National Capital Region,,,PH-00,,ChIJbTgmYNLIlzMR0HiSrNoj7V8,11/8/2021,-27,17,-24,-53,-34,20
PH,Philippines,National Capital Region,,,PH-00,,ChIJbTgmYNLIlzMR0HiSrNoj7V8,11/9/2021,-28,19,-29,-53,-35,21
PH,Philippines,National Capital Region,,,PH-00,,ChIJbTgmYNLIlzMR0HiSrNoj7V8,11/10/2021,-27,22,-26,-53,-35,21
PH,Philippines,National Capital Region,,,PH-00,,ChIJbTgmYNLIlzMR0HiSrNoj7V8,11/11/2021,-26,20,-24,-52,-34,21
PH,Philippines,National Capital Region,,,PH-00,,ChIJbTgmYNLIlzMR0HiSrNoj7V8,11/12/2021,-26,20,-26,-55,-32,22
PH,Philippines,National Capital Region,,,PH-00,,ChIJbTgmYNLIlzMR0HiSrNoj7V8,11/13/2021,-17,29,-14,-45,-16,14
PH,Philippines,National Capital Region,,,PH-00,,ChIJbTgmYNLIlzMR0HiSrNoj7V8,11/14/2021,-17,28,-2,-44,-8,11
PH,Philippines,National Capital Region,,,PH-00,,ChIJbTgmYNLIlzMR0HiSrNoj7V8,11/15/2021,-22,26,-22,-49,-33,19
PH,Philippines,National Capital Region,,,PH-00,,ChIJbTgmYNLIlzMR0HiSrNoj7V8,11/16/2021,-21,29,-25,-49,-34,20
PH,Philippines,National Capital Region,,,PH-00,,ChIJbTgmYNLIlzMR0HiSrNoj7V8,11/17/2021,-23,27,-24,-50,-33,20
PH,Philippines,National Capital Region,,,PH-00,,ChIJbTgmYNLIlzMR0HiSrNoj7V8,11/18/2021,-24,23,-24,-50,-33,20
PH,Philippines,National Capital Region,,,PH-00,,ChIJbTgmYNLIlzMR0HiSrNoj7V8,11/19/2021,-23,24,-23,-52,-31,21
PH,Philippines,National Capital Region,,,PH-00,,ChIJbTgmYNLIlzMR0HiSrNoj7V8,11/20/2021,-17,28,-19,-43,-15,14
PH,Philippines,National Capital Region,,,PH-00,,ChIJbTgmYNLIlzMR0HiSrNoj7V8,11/21/2021,-16,28,-11,-41,-9,11
PH,Philippines,National Capital Region,,,PH-00,,ChIJbTgmYNLIlzMR0HiSrNoj7V8,11/22/2021,-23,23,-22,-48,-32,19
PH,Philippines,National Capital Region,,,PH-00,,ChIJbTgmYNLIlzMR0HiSrNoj7V8,11/23/2021,-23,23,-27,-49,-33,20
PH,Philippines,National Capital Region,,,PH-00,,ChIJbTgmYNLIlzMR0HiSrNoj7V8,11/24/2021,-24,23,-24,-50,-33,20
PH,Philippines,National Capital Region,,,PH-00,,ChIJbTgmYNLIlzMR0HiSrNoj7V8,11/25/2021,-20,26,-22,-47,-33,20
PH,Philippines,National Capital Region,,,PH-00,,ChIJbTgmYNLIlzMR0HiSrNoj7V8,11/26/2021,-20,28,-23,-48,-31,20
PH,Philippines,National Capital Region,,,PH-00,,ChIJbTgmYNLIlzMR0HiSrNoj7V8,11/27/2021,-13,33,-14,-37,-15,13
PH,Philippines,National Capital Region,,,PH-00,,ChIJbTgmYNLIlzMR0HiSrNoj7V8,11/28/2021,-18,23,-19,-39,-9,11
PH,Philippines,National Capital Region,,,PH-00,,ChIJbTgmYNLIlzMR0HiSrNoj7V8,11/29/2021,-15,32,-16,-44,-34,17
PH,Philippines,National Capital Region,,,PH-00,,ChIJbTgmYNLIlzMR0HiSrNoj7V8,11/30/2021,-13,34,-18,-50,-59,23
PH,Philippines,National Capital Region,,,PH-00,,ChIJbTgmYNLIlzMR0HiSrNoj7V8,12/1/2021,-21,30,-23,-45,-32,19
PH,Philippines,National Capital Region,,,PH-00,,ChIJbTgmYNLIlzMR0HiSrNoj7V8,12/2/2021,-21,28,-22,-46,-32,20
PH,Philippines,National Capital Region,,,PH-00,,ChIJbTgmYNLIlzMR0HiSrNoj7V8,12/3/2021,-21,26,-22,-48,-29,20
PH,Philippines,National Capital Region,,,PH-00,,ChIJbTgmYNLIlzMR0HiSrNoj7V8,12/4/2021,-12,34,-12,-36,-13,13
PH,Philippines,National Capital Region,,,PH-00,,ChIJbTgmYNLIlzMR0HiSrNoj7V8,12/5/2021,-10,35,-2,-31,-5,10
PH,Philippines,National Capital Region,,,PH-00,,ChIJbTgmYNLIlzMR0HiSrNoj7V8,12/6/2021,-18,28,-17,-44,-30,17
PH,Philippines,National Capital Region,,,PH-00,,ChIJbTgmYNLIlzMR0HiSrNoj7V8,12/7/2021,-17,29,-23,-42,-29,18
PH,Philippines,National Capital Region,,,PH-00,,ChIJbTgmYNLIlzMR0HiSrNoj7V8,12/8/2021,-13,34,-14,-50,-53,23
PH,Philippines,National Capital Region,,,PH-00,,ChIJbTgmYNLIlzMR0HiSrNoj7V8,12/9/2021,-18,28,-18,-44,-26,18
PH,Philippines,National Capital Region,,,PH-00,,ChIJbTgmYNLIlzMR0HiSrNoj7V8,12/10/2021,-15,33,-18,-45,-24,19
PH,Philippines,National Capital Region,,,PH-00,,ChIJbTgmYNLIlzMR0HiSrNoj7V8,12/11/2021,-6,39,-11,-32,-7,12
PH,Philippines,National Capital Region,,,PH-00,,ChIJbTgmYNLIlzMR0HiSrNoj7V8,12/12/2021,-3,42,-2,-26,5,8
PH,Philippines,National Capital Region,,,PH-00,,ChIJbTgmYNLIlzMR0HiSrNoj7V8,12/13/2021,-13,33,-14,-41,-26,17
PH,Philippines,National Capital Region,,,PH-00,,ChIJbTgmYNLIlzMR0HiSrNoj7V8,12/14/2021,-12,36,-19,-41,-26,17
PH,Philippines,National Capital Region,,,PH-00,,ChIJbTgmYNLIlzMR0HiSrNoj7V8,12/15/2021,-8,46,-14,-39,-25,17
PH,Philippines,National Capital Region,,,PH-00,,ChIJbTgmYNLIlzMR0HiSrNoj7V8,12/16/2021,-6,47,-12,-38,-25,16
PH,Philippines,National Capital Region,,,PH-00,,ChIJbTgmYNLIlzMR0HiSrNoj7V8,12/17/2021,-14,35,-24,-44,-23,18
PH,Philippines,National Capital Region,,,PH-00,,ChIJbTgmYNLIlzMR0HiSrNoj7V8,12/18/2021,0,49,-16,-25,-5,10
PH,Philippines,National Capital Region,,,PH-00,,ChIJbTgmYNLIlzMR0HiSrNoj7V8,12/19/2021,-4,38,-29,-22,2,9
PH,Philippines,National Capital Region,,,PH-00,,ChIJbTgmYNLIlzMR0HiSrNoj7V8,12/20/2021,0,49,-10,-32,-27,14
PH,Philippines,National Capital Region,,,PH-00,,ChIJbTgmYNLIlzMR0HiSrNoj7V8,12/21/2021,0,54,-16,-31,-28,14
PH,Philippines,National Capital Region,,,PH-00,,ChIJbTgmYNLIlzMR0HiSrNoj7V8,12/22/2021,-1,56,-16,-33,-28,15
PH,Philippines,National Capital Region,,,PH-00,,ChIJbTgmYNLIlzMR0HiSrNoj7V8,12/23/2021,7,72,-8,-24,-31,13
PH,Philippines,National Capital Region,,,PH-00,,ChIJbTgmYNLIlzMR0HiSrNoj7V8,12/24/2021,-15,64,-21,-45,-49,18
PH,Philippines,National Capital Region,,,PH-00,,ChIJbTgmYNLIlzMR0HiSrNoj7V8,12/25/2021,-25,8,-5,-45,-52,13
PH,Philippines,National Capital Region,,,PH-00,,ChIJbTgmYNLIlzMR0HiSrNoj7V8,12/26/2021,-8,32,-15,-24,-5,6
PH,Philippines,National Capital Region,,,PH-00,,ChIJbTgmYNLIlzMR0HiSrNoj7V8,12/27/2021,-9,36,-18,-39,-36,15
PH,Philippines,National Capital Region,,,PH-00,,ChIJbTgmYNLIlzMR0HiSrNoj7V8,12/28/2021,-10,39,-23,-40,-36,17
PH,Philippines,National Capital Region,,,PH-00,,ChIJbTgmYNLIlzMR0HiSrNoj7V8,12/29/2021,-8,51,-19,-39,-37,16
PH,Philippines,National Capital Region,,,PH-00,,ChIJbTgmYNLIlzMR0HiSrNoj7V8,12/30/2021,-10,60,-17,-45,-58,20
PH,Philippines,National Capital Region,,,PH-00,,ChIJbTgmYNLIlzMR0HiSrNoj7V8,12/31/2021,-34,47,-36,-61,-58,25
PH,Philippines,National Capital Region,,,PH-00,,ChIJbTgmYNLIlzMR0HiSrNoj7V8,1/1/2022,-53,-29,-30,-63,-60,20
PH,Philippines,National Capital Region,,,PH-00,,ChIJbTgmYNLIlzMR0HiSrNoj7V8,1/2/2022,-27,16,-23,-38,-14,11
PH,Philippines,National Capital Region,,,PH-00,,ChIJbTgmYNLIlzMR0HiSrNoj7V8,1/3/2022,-33,20,-37,-51,-38,22
PH,Philippines,National Capital Region,,,PH-00,,ChIJbTgmYNLIlzMR0HiSrNoj7V8,1/4/2022,-36,21,-44,-54,-40,25
PH,Philippines,National Capital Region,,,PH-00,,ChIJbTgmYNLIlzMR0HiSrNoj7V8,1/5/2022,-39,21,-43,-57,-41,26
PH,Philippines,National Capital Region,,,PH-00,,ChIJbTgmYNLIlzMR0HiSrNoj7V8,1/6/2022,-40,18,-42,-58,-42,27
PH,Philippines,National Capital Region,,,PH-00,,ChIJbTgmYNLIlzMR0HiSrNoj7V8,1/7/2022,-43,13,-45,-62,-42,30
PH,Philippines,National Capital Region,,,PH-00,,ChIJbTgmYNLIlzMR0HiSrNoj7V8,1/8/2022,-40,13,-45,-57,-24,23
PH,Philippines,National Capital Region,,,PH-00,,ChIJbTgmYNLIlzMR0HiSrNoj7V8,1/9/2022,-44,10,-44,-57,-14,20
PH,Philippines,National Capital Region,,,PH-00,,ChIJbTgmYNLIlzMR0HiSrNoj7V8,1/10/2022,-38,16,-38,-60,-43,26
PH,Philippines,National Capital Region,,,PH-00,,ChIJbTgmYNLIlzMR0HiSrNoj7V8,1/11/2022,-40,14,-44,-61,-45,27
PH,Philippines,National Capital Region,,,PH-00,,ChIJbTgmYNLIlzMR0HiSrNoj7V8,1/12/2022,-42,11,-43,-62,-44,28
PH,Philippines,National Capital Region,,,PH-00,,ChIJbTgmYNLIlzMR0HiSrNoj7V8,1/13/2022,-42,10,-41,-62,-44,28
PH,Philippines,National Capital Region,,,PH-00,,ChIJbTgmYNLIlzMR0HiSrNoj7V8,1/14/2022,-42,11,-41,-64,-41,29
PH,Philippines,National Capital Region,,,PH-00,,ChIJbTgmYNLIlzMR0HiSrNoj7V8,1/15/2022,-34,20,-35,-55,-20,21
PH,Philippines,National Capital Region,,,PH-00,,ChIJbTgmYNLIlzMR0HiSrNoj7V8,1/16/2022,-38,15,-36,-54,-11,17
PH,Philippines,National Capital Region,,,PH-00,,ChIJbTgmYNLIlzMR0HiSrNoj7V8,1/17/2022,-33,17,-32,-56,-39,23
PH,Philippines,National Capital Region,,,PH-00,,ChIJbTgmYNLIlzMR0HiSrNoj7V8,1/18/2022,-35,15,-37,-57,-39,24
PH,Philippines,National Capital Region,,,PH-00,,ChIJbTgmYNLIlzMR0HiSrNoj7V8,1/19/2022,-35,14,-37,-58,-38,25
PH,Philippines,National Capital Region,,,PH-00,,ChIJbTgmYNLIlzMR0HiSrNoj7V8,1/20/2022,-33,15,-38,-57,-37,24
PH,Philippines,National Capital Region,,,PH-00,,ChIJbTgmYNLIlzMR0HiSrNoj7V8,1/21/2022,-35,12,-40,-59,-34,26
PH,Philippines,National Capital Region,,,PH-00,,ChIJbTgmYNLIlzMR0HiSrNoj7V8,1/22/2022,-28,19,-36,-51,-14,18
PH,Philippines,National Capital Region,,,PH-00,,ChIJbTgmYNLIlzMR0HiSrNoj7V8,1/23/2022,-32,15,-33,-53,-6,15
PH,Philippines,National Capital Region,,,PH-00,,ChIJbTgmYNLIlzMR0HiSrNoj7V8,1/24/2022,-30,15,-32,-54,-33,22
PH,Philippines,National Capital Region,,,PH-00,,ChIJbTgmYNLIlzMR0HiSrNoj7V8,1/25/2022,-28,20,-36,-53,-34,22
PH,Philippines,National Capital Region,,,PH-00,,ChIJbTgmYNLIlzMR0HiSrNoj7V8,1/26/2022,-33,12,-40,-54,-34,23
PH,Philippines,National Capital Region,,,PH-00,,ChIJbTgmYNLIlzMR0HiSrNoj7V8,1/27/2022,-30,17,-34,-53,-33,22
PH,Philippines,National Capital Region,,,PH-00,,ChIJbTgmYNLIlzMR0HiSrNoj7V8,1/28/2022,-29,18,-34,-55,-30,23
PH,Philippines,National Capital Region,,,PH-00,,ChIJbTgmYNLIlzMR0HiSrNoj7V8,1/29/2022,-24,23,-31,-47,-10,16
PH,Philippines,National Capital Region,,,PH-00,,ChIJbTgmYNLIlzMR0HiSrNoj7V8,1/30/2022,-28,19,-30,-48,-2,14
PH,Philippines,National Capital Region,,,PH-00,,ChIJbTgmYNLIlzMR0HiSrNoj7V8,1/31/2022,-21,27,-26,-49,-31,19
PH,Philippines,National Capital Region,,,PH-00,,ChIJbTgmYNLIlzMR0HiSrNoj7V8,2/1/2022,-25,23,-31,-57,-56,26
PH,Philippines,National Capital Region,,,PH-00,,ChIJbTgmYNLIlzMR0HiSrNoj7V8,2/2/2022,-26,22,-31,-49,-30,21
PH,Philippines,National Capital Region,,,PH-00,,ChIJbTgmYNLIlzMR0HiSrNoj7V8,2/3/2022,-27,19,-30,-51,-29,21
PH,Philippines,National Capital Region,,,PH-00,,ChIJbTgmYNLIlzMR0HiSrNoj7V8,2/4/2022,-26,20,-30,-53,-27,22
PH,Philippines,National Capital Region,,,PH-00,,ChIJbTgmYNLIlzMR0HiSrNoj7V8,2/5/2022,-20,26,-24,-44,-8,15
PH,Philippines,National Capital Region,,,PH-00,,ChIJbTgmYNLIlzMR0HiSrNoj7V8,2/6/2022,-21,25,-18,-42,-1,12
PH,Philippines,National Capital Region,,,PH-00,,ChIJbTgmYNLIlzMR0HiSrNoj7V8,2/7/2022,-23,21,-26,-47,-28,19
PH,Philippines,National Capital Region,,,PH-00,,ChIJbTgmYNLIlzMR0HiSrNoj7V8,2/8/2022,-24,21,-29,-48,-30,20
PH,Philippines,National Capital Region,,,PH-00,,ChIJbTgmYNLIlzMR0HiSrNoj7V8,2/9/2022,-25,22,-28,-49,-29,20
PH,Philippines,National Capital Region,,,PH-00,,ChIJbTgmYNLIlzMR0HiSrNoj7V8,2/10/2022,-23,23,-27,-48,-29,20
PH,Philippines,National Capital Region,,,PH-00,,ChIJbTgmYNLIlzMR0HiSrNoj7V8,2/11/2022,-23,23,-28,-50,-26,21
PH,Philippines,National Capital Region,,,PH-00,,ChIJbTgmYNLIlzMR0HiSrNoj7V8,2/12/2022,-15,29,-18,-40,-8,14
PH,Philippines,National Capital Region,,,PH-00,,ChIJbTgmYNLIlzMR0HiSrNoj7V8,2/13/2022,-12,31,-2,-36,0,10
PH,Philippines,National Capital Region,,,PH-00,,ChIJbTgmYNLIlzMR0HiSrNoj7V8,2/14/2022,0,43,-5,-39,-27,16
PH,Philippines,National Capital Region,,,PH-00,,ChIJbTgmYNLIlzMR0HiSrNoj7V8,2/15/2022,-17,32,-28,-43,-28,19
PH,Philippines,National Capital Region,,,PH-00,,ChIJbTgmYNLIlzMR0HiSrNoj7V8,2/16/2022,-19,32,-25,-45,-28,19
PH,Philippines,National Capital Region,,,PH-00,,ChIJbTgmYNLIlzMR0HiSrNoj7V8,2/17/2022,-22,25,-27,-44,-28,20
PH,Philippines,National Capital Region,,,PH-00,,ChIJbTgmYNLIlzMR0HiSrNoj7V8,2/18/2022,-22,25,-26,-47,-25,20
PH,Philippines,National Capital Region,,,PH-00,,ChIJbTgmYNLIlzMR0HiSrNoj7V8,2/19/2022,-14,31,-18,-37,-7,13
PH,Philippines,National Capital Region,,,PH-00,,ChIJbTgmYNLIlzMR0HiSrNoj7V8,2/20/2022,-15,30,-12,-34,0,10
PH,Philippines,National Capital Region,,,PH-00,,ChIJbTgmYNLIlzMR0HiSrNoj7V8,2/21/2022,-21,24,-24,-43,-26,18
PH,Philippines,National Capital Region,,,PH-00,,ChIJbTgmYNLIlzMR0HiSrNoj7V8,2/22/2022,-26,16,-36,-44,-28,19
PH,Philippines,National Capital Region,,,PH-00,,ChIJbTgmYNLIlzMR0HiSrNoj7V8,2/23/2022,-23,23,-27,-45,-27,19
PH,Philippines,National Capital Region,,,PH-00,,ChIJbTgmYNLIlzMR0HiSrNoj7V8,2/24/2022,-18,28,-22,-39,-27,17
PH,Philippines,National Capital Region,,,PH-00,,ChIJbTgmYNLIlzMR0HiSrNoj7V8,2/25/2022,-26,20,-25,-54,-51,24
PH,Philippines,National Capital Region,,,PH-00,,ChIJbTgmYNLIlzMR0HiSrNoj7V8,2/26/2022,-21,22,-23,-40,-11,13
PH,Philippines,National Capital Region,,,PH-00,,ChIJbTgmYNLIlzMR0HiSrNoj7V8,2/27/2022,-19,25,-13,-34,0,9
PH,Philippines,National Capital Region,,,PH-00,,ChIJbTgmYNLIlzMR0HiSrNoj7V8,2/28/2022,-17,32,-21,-39,-26,16
PH,Philippines,National Capital Region,,,PH-00,,ChIJbTgmYNLIlzMR0HiSrNoj7V8,3/1/2022,-20,32,-27,-41,-27,18
PH,Philippines,National Capital Region,,,PH-00,,ChIJbTgmYNLIlzMR0HiSrNoj7V8,3/2/2022,-21,31,-22,-42,-26,18
PH,Philippines,National Capital Region,,,PH-00,,ChIJbTgmYNLIlzMR0HiSrNoj7V8,3/3/2022,-23,23,-25,-43,-26,19
PH,Philippines,National Capital Region,,,PH-00,,ChIJbTgmYNLIlzMR0HiSrNoj7V8,3/4/2022,-23,22,-28,-46,-24,19
PH,Philippines,National Capital Region,,,PH-00,,ChIJbTgmYNLIlzMR0HiSrNoj7V8,3/5/2022,-15,30,-18,-35,-6,12
PH,Philippines,National Capital Region,,,PH-00,,ChIJbTgmYNLIlzMR0HiSrNoj7V8,3/6/2022,-15,29,-10,-32,1,9
PH,Philippines,National Capital Region,,,PH-00,,ChIJbTgmYNLIlzMR0HiSrNoj7V8,3/7/2022,-21,22,-22,-41,-25,17
PH,Philippines,National Capital Region,,,PH-00,,ChIJbTgmYNLIlzMR0HiSrNoj7V8,3/8/2022,-24,19,-29,-43,-26,18
PH,Philippines,National Capital Region,,,PH-00,,ChIJbTgmYNLIlzMR0HiSrNoj7V8,3/9/2022,-26,19,-28,-44,-26,19
PH,Philippines,National Capital Region,,,PH-00,,ChIJbTgmYNLIlzMR0HiSrNoj7V8,3/10/2022,-25,19,-27,-42,-25,18
PH,Philippines,National Capital Region,,,PH-00,,ChIJbTgmYNLIlzMR0HiSrNoj7V8,3/11/2022,-27,15,-31,-46,-23,20
PH,Philippines,National Capital Region,,,PH-00,,ChIJbTgmYNLIlzMR0HiSrNoj7V8,3/12/2022,-20,21,-24,-32,-7,13
PH,Philippines,National Capital Region,,,PH-00,,ChIJbTgmYNLIlzMR0HiSrNoj7V8,3/13/2022,-19,24,-19,-31,-1,10
PH,Philippines,National Capital Region,,,PH-00,,ChIJbTgmYNLIlzMR0HiSrNoj7V8,3/14/2022,-26,14,-28,-40,-24,17
PH,Philippines,National Capital Region,,,PH-00,,ChIJbTgmYNLIlzMR0HiSrNoj7V8,3/15/2022,-22,25,-32,-39,-25,18
PH,Philippines,National Capital Region,,,PH-00,,ChIJbTgmYNLIlzMR0HiSrNoj7V8,3/16/2022,-23,26,-28,-40,-25,18
PH,Philippines,National Capital Region,,,PH-00,,ChIJbTgmYNLIlzMR0HiSrNoj7V8,3/17/2022,-24,21,-26,-39,-25,18
PH,Philippines,National Capital Region,,,PH-00,,ChIJbTgmYNLIlzMR0HiSrNoj7V8,3/18/2022,-24,19,-30,-42,-23,19
PH,Philippines,National Capital Region,,,PH-00,,ChIJbTgmYNLIlzMR0HiSrNoj7V8,3/19/2022,-16,26,-20,-29,-7,12
PH,Philippines,National Capital Region,,,PH-00,,ChIJbTgmYNLIlzMR0HiSrNoj7V8,3/20/2022,-13,29,-9,-20,0,8
PH,Philippines,National Capital Region,,,PH-00,,ChIJbTgmYNLIlzMR0HiSrNoj7V8,3/21/2022,-23,20,-22,-37,-24,17
PH,Philippines,National Capital Region,,,PH-00,,ChIJbTgmYNLIlzMR0HiSrNoj7V8,3/22/2022,-23,20,-29,-37,-25,18
PH,Philippines,National Capital Region,,,PH-00,,ChIJbTgmYNLIlzMR0HiSrNoj7V8,3/23/2022,-25,19,-26,-37,-24,18
PH,Philippines,National Capital Region,,,PH-00,,ChIJbTgmYNLIlzMR0HiSrNoj7V8,3/24/2022,-25,17,-27,-37,-24,18
PH,Philippines,National Capital Region,,,PH-00,,ChIJbTgmYNLIlzMR0HiSrNoj7V8,3/25/2022,-24,19,-25,-39,-21,18
PH,Philippines,National Capital Region,,,PH-00,,ChIJbTgmYNLIlzMR0HiSrNoj7V8,3/26/2022,-16,26,-16,-25,-5,11
PH,Philippines,National Capital Region,,,PH-00,,ChIJbTgmYNLIlzMR0HiSrNoj7V8,3/27/2022,-15,26,-12,-20,1,8
PH,Philippines,National Capital Region,,,PH-00,,ChIJbTgmYNLIlzMR0HiSrNoj7V8,3/28/2022,-23,17,-22,-34,-23,16
PH,Philippines,National Capital Region,,,PH-00,,ChIJbTgmYNLIlzMR0HiSrNoj7V8,3/29/2022,-24,17,-30,-35,-24,17
PH,Philippines,National Capital Region,,,PH-00,,ChIJbTgmYNLIlzMR0HiSrNoj7V8,3/30/2022,-23,21,-28,-35,-23,17
PH,Philippines,National Capital Region,,,PH-00,,ChIJbTgmYNLIlzMR0HiSrNoj7V8,3/31/2022,-20,26,-24,-32,-22,17
PH,Philippines,National Capital Region,,,PH-00,,ChIJbTgmYNLIlzMR0HiSrNoj7V8,4/1/2022,-23,22,-29,-36,-20,18
PH,Philippines,National Capital Region,,,PH-00,,ChIJbTgmYNLIlzMR0HiSrNoj7V8,4/2/2022,-14,30,-19,-22,-5,11
PH,Philippines,National Capital Region,,,PH-00,,ChIJbTgmYNLIlzMR0HiSrNoj7V8,4/3/2022,-14,30,-12,-17,2,8
PH,Philippines,National Capital Region,,,PH-00,,ChIJbTgmYNLIlzMR0HiSrNoj7V8,4/4/2022,-22,20,-21,-30,-22,15
PH,Philippines,National Capital Region,,,PH-00,,ChIJbTgmYNLIlzMR0HiSrNoj7V8,4/5/2022,-34,-1,-47,-35,-27,19
PH,Philippines,National Capital Region,,,PH-00,,ChIJbTgmYNLIlzMR0HiSrNoj7V8,4/6/2022,-22,24,-27,-32,-23,17
PH,Philippines,National Capital Region,,,PH-00,,ChIJbTgmYNLIlzMR0HiSrNoj7V8,4/7/2022,-21,23,-23,-30,-22,17
PH,Philippines,National Capital Region,,,PH-00,,ChIJbTgmYNLIlzMR0HiSrNoj7V8,4/8/2022,-21,23,-27,-32,-20,17
PH,Philippines,National Capital Region,,,PH-00,,ChIJbTgmYNLIlzMR0HiSrNoj7V8,4/9/2022,-16,26,-18,-24,-21,13
PH,Philippines,National Capital Region,,,PH-00,,ChIJbTgmYNLIlzMR0HiSrNoj7V8,4/10/2022,-14,29,-11,-17,4,8
PH,Philippines,National Capital Region,,,PH-00,,ChIJbTgmYNLIlzMR0HiSrNoj7V8,4/11/2022,-19,24,-19,-29,-21,14
PH,Philippines,National Capital Region,,,PH-00,,ChIJbTgmYNLIlzMR0HiSrNoj7V8,4/12/2022,-19,26,-28,-27,-23,15
PH,Philippines,National Capital Region,,,PH-00,,ChIJbTgmYNLIlzMR0HiSrNoj7V8,4/13/2022,-11,45,-21,-23,-27,14
PH,Philippines,National Capital Region,,,PH-00,,ChIJbTgmYNLIlzMR0HiSrNoj7V8,4/14/2022,-49,8,-25,-55,-70,21
PH,Philippines,National Capital Region,,,PH-00,,ChIJbTgmYNLIlzMR0HiSrNoj7V8,4/15/2022,-67,-31,-43,-74,-76,30
PH,Philippines,National Capital Region,,,PH-00,,ChIJbTgmYNLIlzMR0HiSrNoj7V8,4/16/2022,-35,4,-39,-47,-40,14
PH,Philippines,National Capital Region,,,PH-00,,ChIJbTgmYNLIlzMR0HiSrNoj7V8,4/17/2022,-19,21,-17,-22,-3,6
PH,Philippines,National Capital Region,,,PH-00,,ChIJbTgmYNLIlzMR0HiSrNoj7V8,4/18/2022,-19,25,-20,-26,-22,14
PH,Philippines,National Capital Region,,,PH-00,,ChIJbTgmYNLIlzMR0HiSrNoj7V8,4/19/2022,-20,24,-24,-27,-21,16
PH,Philippines,National Capital Region,,,PH-00,,ChIJbTgmYNLIlzMR0HiSrNoj7V8,4/20/2022,-20,25,-23,-29,-21,16
PH,Philippines,National Capital Region,,,PH-00,,ChIJbTgmYNLIlzMR0HiSrNoj7V8,4/21/2022,-21,22,-22,-28,-21,16
PH,Philippines,National Capital Region,,,PH-00,,ChIJbTgmYNLIlzMR0HiSrNoj7V8,4/22/2022,-21,23,-23,-33,-18,17
PH,Philippines,National Capital Region,,,PH-00,,ChIJbTgmYNLIlzMR0HiSrNoj7V8,4/23/2022,-12,32,-14,-17,-4,10
PH,Philippines,National Capital Region,,,PH-00,,ChIJbTgmYNLIlzMR0HiSrNoj7V8,4/24/2022,-13,30,-9,-11,4,8
PH,Philippines,National Capital Region,,,PH-00,,ChIJbTgmYNLIlzMR0HiSrNoj7V8,4/25/2022,-18,26,-18,-27,-20,15
PH,Philippines,National Capital Region,,,PH-00,,ChIJbTgmYNLIlzMR0HiSrNoj7V8,4/26/2022,-19,26,-26,-27,-20,16
PH,Philippines,National Capital Region,,,PH-00,,ChIJbTgmYNLIlzMR0HiSrNoj7V8,4/27/2022,-20,27,-21,-28,-20,15
PH,Philippines,National Capital Region,,,PH-00,,ChIJbTgmYNLIlzMR0HiSrNoj7V8,4/28/2022,-18,27,-20,-26,-19,15
PH,Philippines,National Capital Region,,,PH-00,,ChIJbTgmYNLIlzMR0HiSrNoj7V8,4/29/2022,-16,33,-20,-28,-17,16
PH,Philippines,National Capital Region,,,PH-00,,ChIJbTgmYNLIlzMR0HiSrNoj7V8,4/30/2022,-8,40,-9,-11,-3,9
PH,Philippines,National Capital Region,,,PH-00,,ChIJbTgmYNLIlzMR0HiSrNoj7V8,5/1/2022,-9,37,-3,-6,2,7
PH,Philippines,National Capital Region,,,PH-00,,ChIJbTgmYNLIlzMR0HiSrNoj7V8,5/2/2022,-13,32,-13,-23,-23,14
PH,Philippines,National Capital Region,,,PH-00,,ChIJbTgmYNLIlzMR0HiSrNoj7V8,5/3/2022,-18,26,-24,-36,-53,21
PH,Philippines,National Capital Region,,,PH-00,,ChIJbTgmYNLIlzMR0HiSrNoj7V8,5/4/2022,-16,28,-21,-23,-20,14
PH,Philippines,National Capital Region,,,PH-00,,ChIJbTgmYNLIlzMR0HiSrNoj7V8,5/5/2022,-16,29,-18,-24,-20,15
PH,Philippines,National Capital Region,,,PH-00,,ChIJbTgmYNLIlzMR0HiSrNoj7V8,5/6/2022,-17,27,-19,-27,-18,16
PH,Philippines,National Capital Region,,,PH-00,,ChIJbTgmYNLIlzMR0HiSrNoj7V8,5/7/2022,-8,34,3,-4,-4,8
PH,Philippines,National Capital Region,,,PH-00,,ChIJbTgmYNLIlzMR0HiSrNoj7V8,5/8/2022,-2,38,-7,-5,8,6
PH,Philippines,National Capital Region,,,PH-00,,ChIJbTgmYNLIlzMR0HiSrNoj7V8,5/9/2022,-22,25,-17,-42,-63,18
PH,Philippines,National Capital Region,,,PH-00,,ChIJbTgmYNLIlzMR0HiSrNoj7V8,5/10/2022,-21,23,-28,-23,-25,15
PH,Philippines,National Capital Region,,,PH-00,,ChIJbTgmYNLIlzMR0HiSrNoj7V8,5/11/2022,-20,26,-26,-27,-21,15
PH,Philippines,National Capital Region,,,PH-00,,ChIJbTgmYNLIlzMR0HiSrNoj7V8,5/12/2022,-19,24,-24,-26,-20,15
PH,Philippines,National Capital Region,,,PH-00,,ChIJbTgmYNLIlzMR0HiSrNoj7V8,5/13/2022,-16,29,-26,-27,-18,16
PH,Philippines,National Capital Region,,,PH-00,,ChIJbTgmYNLIlzMR0HiSrNoj7V8,5/14/2022,-10,33,-22,-15,-3,10
PH,Philippines,National Capital Region,,,PH-00,,ChIJbTgmYNLIlzMR0HiSrNoj7V8,5/15/2022,-16,25,-30,-11,2,8
PH,Philippines,National Capital Region,,,PH-00,,ChIJbTgmYNLIlzMR0HiSrNoj7V8,5/16/2022,-17,26,-27,-22,-19,14
PH,Philippines,National Capital Region,,,PH-00,,ChIJbTgmYNLIlzMR0HiSrNoj7V8,5/17/2022,-20,20,-35,-23,-19,15
PH,Philippines,National Capital Region,,,PH-00,,ChIJbTgmYNLIlzMR0HiSrNoj7V8,5/18/2022,-20,23,-33,-27,-19,16
PH,Philippines,National Capital Region,,,PH-00,,ChIJbTgmYNLIlzMR0HiSrNoj7V8,5/19/2022,-19,24,-30,-25,-18,16
PH,Philippines,National Capital Region,,,PH-00,,ChIJbTgmYNLIlzMR0HiSrNoj7V8,5/20/2022,-20,20,-32,-29,-17,17
PH,Philippines,National Capital Region,,,PH-00,,ChIJbTgmYNLIlzMR0HiSrNoj7V8,5/21/2022,-11,32,-20,-15,-3,11
PH,Philippines,National Capital Region,,,PH-00,,ChIJbTgmYNLIlzMR0HiSrNoj7V8,5/22/2022,-13,24,-23,-9,3,9
PH,Philippines,National Capital Region,,,PH-00,,ChIJbTgmYNLIlzMR0HiSrNoj7V8,5/23/2022,-18,23,-22,-23,-18,15
PH,Philippines,National Capital Region,,,PH-00,,ChIJbTgmYNLIlzMR0HiSrNoj7V8,5/24/2022,-15,28,-24,-22,-18,15
PH,Philippines,National Capital Region,,,PH-00,,ChIJbTgmYNLIlzMR0HiSrNoj7V8,5/25/2022,-17,29,-24,-24,-18,16
PH,Philippines,National Capital Region,,,PH-00,,ChIJbTgmYNLIlzMR0HiSrNoj7V8,5/26/2022,-16,27,-23,-22,-17,15
PH,Philippines,National Capital Region,,,PH-00,,ChIJbTgmYNLIlzMR0HiSrNoj7V8,5/27/2022,-18,23,-28,-26,-16,16
